network,config,method,metric,mean,std,min,max,n_valid
Bendiksby_2011,conf_ils_high_10M,grampa,edit_distance,0.9047619047619048,0.014965222882254972,0.8835978835978836,0.9259259259259259,5
Bendiksby_2011,conf_ils_high_10M,grampa,num_rets_diff,5.0,0.0,5.0,5.0,5
Bendiksby_2011,conf_ils_high_10M,grampa,ploidy_diff.FN,1.8,1.6431676725154984,0.0,3.0,5
Bendiksby_2011,conf_ils_high_10M,grampa,ploidy_diff.FP,12.6,12.320714265009151,3.0,28.0,5
Bendiksby_2011,conf_ils_high_10M,grampa,ploidy_diff.TP,4.2,1.6431676725154984,3.0,6.0,5
Bendiksby_2011,conf_ils_high_10M,grampa,ploidy_diff.dist,0.7380392156862745,0.06916595447167413,0.6666666666666667,0.8235294117647058,5
Bendiksby_2011,conf_ils_high_10M,grampa,ret_leaf_jaccard.FN,0.8333333333333334,0.0,0.8333333333333334,0.8333333333333334,5
Bendiksby_2011,conf_ils_high_10M,grampa,ret_leaf_jaccard.FP,0.14949579831932774,0.011023742608544418,0.1388888888888889,0.16176470588235295,5
Bendiksby_2011,conf_ils_high_10M,grampa,ret_leaf_jaccard.TP,0.017170868347338896,0.011023742608544402,0.004901960784313708,0.02777777777777779,5
Bendiksby_2011,conf_ils_high_10M,grampa,ret_leaf_jaccard.dist,0.9828291316526612,0.011023742608544381,0.9722222222222222,0.9950980392156863,5
Bendiksby_2011,conf_ils_high_10M,grampa,ret_sisters_jaccard.FN,0.9583333333333333,0.041666666666666685,0.9166666666666666,1.0,5
Bendiksby_2011,conf_ils_high_10M,grampa,ret_sisters_jaccard.FP,0.13333333333333333,0.03486083443891981,0.08333333333333333,0.16666666666666666,5
Bendiksby_2011,conf_ils_high_10M,grampa,ret_sisters_jaccard.TP,0.024999999999999977,0.0228217732293819,0.0,0.04166666666666663,5
Bendiksby_2011,conf_ils_high_10M,grampa,ret_sisters_jaccard.dist,0.975,0.02282177322938193,0.9583333333333334,1.0,5
Bendiksby_2011,conf_ils_high_10M,mpsugar,edit_distance,1.2063492063492063,0.01714481666245473,1.1851851851851851,1.2222222222222223,5
Bendiksby_2011,conf_ils_high_10M,mpsugar,num_rets_diff,5.4,0.5477225575051661,5.0,6.0,5
Bendiksby_2011,conf_ils_high_10M,mpsugar,ploidy_diff.FN,4.0,1.8708286933869707,2.0,6.0,5
Bendiksby_2011,conf_ils_high_10M,mpsugar,ploidy_diff.FP,2.2,0.8366600265340756,1.0,3.0,5
Bendiksby_2011,conf_ils_high_10M,mpsugar,ploidy_diff.TP,-0.2,2.387467277262665,-3.0,3.0,5
Bendiksby_2011,conf_ils_high_10M,mpsugar,ploidy_diff.dist,1.0333333333333334,0.3979112128771107,0.5,1.5,5
Bendiksby_2011,conf_ils_high_10M,mpsugar,ret_leaf_jaccard.FN,0.9,0.09128709291752768,0.8333333333333334,1.0,5
Bendiksby_2011,conf_ils_high_10M,mpsugar,ret_leaf_jaccard.FP,0.06944444444444445,0.06364688465216445,0.0,0.125,5
Bendiksby_2011,conf_ils_high_10M,mpsugar,ret_leaf_jaccard.TP,0.030555555555555513,0.02846375212766551,0.0,0.05555555555555547,5
Bendiksby_2011,conf_ils_high_10M,mpsugar,ret_leaf_jaccard.dist,0.9694444444444444,0.028463752127665522,0.9444444444444445,1.0,5
Bendiksby_2011,conf_ils_high_10M,mpsugar,ret_sisters_jaccard.FN,0.9733333333333334,0.055088312936794705,0.875,1.0,5
Bendiksby_2011,conf_ils_high_10M,mpsugar,ret_sisters_jaccard.FP,0.08,0.07593044250342172,0.0,0.16666666666666666,5
Bendiksby_2011,conf_ils_high_10M,mpsugar,ret_sisters_jaccard.TP,0.009920634920634908,0.018076257101476766,0.0,0.04166666666666663,5
Bendiksby_2011,conf_ils_high_10M,mpsugar,ret_sisters_jaccard.dist,0.990079365079365,0.01807625710147676,0.9583333333333334,1.0,5
Bendiksby_2011,conf_ils_high_10M,polyphest_p70,edit_distance,0.9788359788359788,0.037413057205637514,0.9523809523809523,1.0052910052910053,2
Bendiksby_2011,conf_ils_high_10M,polyphest_p70,num_rets_diff,0.0,0.0,0.0,0.0,2
Bendiksby_2011,conf_ils_high_10M,polyphest_p70,ploidy_diff.FN,0.0,0.0,0.0,0.0,2
Bendiksby_2011,conf_ils_high_10M,polyphest_p70,ploidy_diff.FP,0.0,0.0,0.0,0.0,2
Bendiksby_2011,conf_ils_high_10M,polyphest_p70,ploidy_diff.TP,6.0,0.0,6.0,6.0,2
Bendiksby_2011,conf_ils_high_10M,polyphest_p70,ploidy_diff.dist,0.0,0.0,0.0,0.0,2
Bendiksby_2011,conf_ils_high_10M,polyphest_p70,ret_leaf_jaccard.FN,0.0,0.0,0.0,0.0,2
Bendiksby_2011,conf_ils_high_10M,polyphest_p70,ret_leaf_jaccard.FP,0.0,0.0,0.0,0.0,2
Bendiksby_2011,conf_ils_high_10M,polyphest_p70,ret_leaf_jaccard.TP,1.0,0.0,1.0,1.0,2
Bendiksby_2011,conf_ils_high_10M,polyphest_p70,ret_leaf_jaccard.dist,0.0,0.0,0.0,0.0,2
Bendiksby_2011,conf_ils_high_10M,polyphest_p70,ret_sisters_jaccard.FN,0.0,0.0,0.0,0.0,2
Bendiksby_2011,conf_ils_high_10M,polyphest_p70,ret_sisters_jaccard.FP,0.0,0.0,0.0,0.0,2
Bendiksby_2011,conf_ils_high_10M,polyphest_p70,ret_sisters_jaccard.TP,1.0,0.0,1.0,1.0,2
Bendiksby_2011,conf_ils_high_10M,polyphest_p70,ret_sisters_jaccard.dist,0.0,0.0,0.0,0.0,2
Bendiksby_2011,conf_ils_high_10M,polyphest_p90,edit_distance,0.9544973544973544,0.03295748466115859,0.9206349206349206,0.9947089947089947,5
Bendiksby_2011,conf_ils_high_10M,polyphest_p90,num_rets_diff,0.0,0.0,0.0,0.0,5
Bendiksby_2011,conf_ils_high_10M,polyphest_p90,ploidy_diff.FN,0.0,0.0,0.0,0.0,5
Bendiksby_2011,conf_ils_high_10M,polyphest_p90,ploidy_diff.FP,0.0,0.0,0.0,0.0,5
Bendiksby_2011,conf_ils_high_10M,polyphest_p90,ploidy_diff.TP,6.0,0.0,6.0,6.0,5
Bendiksby_2011,conf_ils_high_10M,polyphest_p90,ploidy_diff.dist,0.0,0.0,0.0,0.0,5
Bendiksby_2011,conf_ils_high_10M,polyphest_p90,ret_leaf_jaccard.FN,0.0,0.0,0.0,0.0,5
Bendiksby_2011,conf_ils_high_10M,polyphest_p90,ret_leaf_jaccard.FP,0.0,0.0,0.0,0.0,5
Bendiksby_2011,conf_ils_high_10M,polyphest_p90,ret_leaf_jaccard.TP,1.0,0.0,1.0,1.0,5
Bendiksby_2011,conf_ils_high_10M,polyphest_p90,ret_leaf_jaccard.dist,0.0,0.0,0.0,0.0,5
Bendiksby_2011,conf_ils_high_10M,polyphest_p90,ret_sisters_jaccard.FN,0.0,0.0,0.0,0.0,5
Bendiksby_2011,conf_ils_high_10M,polyphest_p90,ret_sisters_jaccard.FP,0.0,0.0,0.0,0.0,5
Bendiksby_2011,conf_ils_high_10M,polyphest_p90,ret_sisters_jaccard.TP,1.0,0.0,1.0,1.0,5
Bendiksby_2011,conf_ils_high_10M,polyphest_p90,ret_sisters_jaccard.dist,0.0,0.0,0.0,0.0,5
Brysting_2007,conf_ils_high_10M,grampa,edit_distance,0.9414141414141414,0.02662914409386682,0.9141414141414141,0.9696969696969697,5
Brysting_2007,conf_ils_high_10M,grampa,num_rets_diff,17.8,0.44721359549995765,17.0,18.0,5
Brysting_2007,conf_ils_high_10M,grampa,ploidy_diff.FN,19.4,1.3416407864998738,17.0,20.0,5
Brysting_2007,conf_ils_high_10M,grampa,ploidy_diff.FP,0.0,0.0,0.0,0.0,5
Brysting_2007,conf_ils_high_10M,grampa,ploidy_diff.TP,0.6,1.3416407864998738,0.0,3.0,5
Brysting_2007,conf_ils_high_10M,grampa,ploidy_diff.dist,0.97,0.0670820393249937,0.85,1.0,5
Brysting_2007,conf_ils_high_10M,grampa,ret_leaf_jaccard.FN,0.9888888888888889,0.024845199749997656,0.9444444444444444,1.0,5
Brysting_2007,conf_ils_high_10M,grampa,ret_leaf_jaccard.FP,0.007407407407407407,0.01656346649999844,0.0,0.037037037037037035,5
Brysting_2007,conf_ils_high_10M,grampa,ret_leaf_jaccard.TP,0.0037037037037036978,0.008281733249999208,0.0,0.01851851851851849,5
Brysting_2007,conf_ils_high_10M,grampa,ret_leaf_jaccard.dist,0.9962962962962962,0.008281733249999215,0.9814814814814815,1.0,5
Brysting_2007,conf_ils_high_10M,grampa,ret_sisters_jaccard.FN,0.9944444444444445,0.012422599874998826,0.9722222222222222,1.0,5
Brysting_2007,conf_ils_high_10M,grampa,ret_sisters_jaccard.FP,0.005555555555555555,0.012422599874998832,0.0,0.027777777777777776,5
Brysting_2007,conf_ils_high_10M,grampa,ret_sisters_jaccard.TP,0.005555555555555558,0.012422599874998837,0.0,0.02777777777777779,5
Brysting_2007,conf_ils_high_10M,grampa,ret_sisters_jaccard.dist,0.9944444444444445,0.012422599874998826,0.9722222222222222,1.0,5
Brysting_2007,conf_ils_high_10M,polyphest_p50,edit_distance,0.9849246231155779,0.0,0.9849246231155779,0.9849246231155779,1
Brysting_2007,conf_ils_high_10M,polyphest_p50,num_rets_diff,1.0,0.0,1.0,1.0,1
Brysting_2007,conf_ils_high_10M,polyphest_p50,ploidy_diff.FN,0.0,0.0,0.0,0.0,1
Brysting_2007,conf_ils_high_10M,polyphest_p50,ploidy_diff.FP,0.0,0.0,0.0,0.0,1
Brysting_2007,conf_ils_high_10M,polyphest_p50,ploidy_diff.TP,20.0,0.0,20.0,20.0,1
Brysting_2007,conf_ils_high_10M,polyphest_p50,ploidy_diff.dist,0.0,0.0,0.0,0.0,1
Brysting_2007,conf_ils_high_10M,polyphest_p50,ret_leaf_jaccard.FN,0.05555555555555555,0.0,0.05555555555555555,0.05555555555555555,1
Brysting_2007,conf_ils_high_10M,polyphest_p50,ret_leaf_jaccard.FP,0.0,0.0,0.0,0.0,1
Brysting_2007,conf_ils_high_10M,polyphest_p50,ret_leaf_jaccard.TP,0.9444444444444444,0.0,0.9444444444444444,0.9444444444444444,1
Brysting_2007,conf_ils_high_10M,polyphest_p50,ret_leaf_jaccard.dist,0.05555555555555555,0.0,0.05555555555555555,0.05555555555555555,1
Brysting_2007,conf_ils_high_10M,polyphest_p50,ret_sisters_jaccard.FN,0.09722222222222222,0.0,0.09722222222222222,0.09722222222222222,1
Brysting_2007,conf_ils_high_10M,polyphest_p50,ret_sisters_jaccard.FP,0.07870370370370369,0.0,0.07870370370370369,0.07870370370370369,1
Brysting_2007,conf_ils_high_10M,polyphest_p50,ret_sisters_jaccard.TP,0.8487654320987654,0.0,0.8487654320987654,0.8487654320987654,1
Brysting_2007,conf_ils_high_10M,polyphest_p50,ret_sisters_jaccard.dist,0.15123456790123457,0.0,0.15123456790123457,0.15123456790123457,1
Brysting_2007,conf_ils_high_10M,polyphest_p70,edit_distance,1.007035175879397,0.004494608999999576,1.0050251256281406,1.015075376884422,5
Brysting_2007,conf_ils_high_10M,polyphest_p70,num_rets_diff,1.0,0.0,1.0,1.0,5
Brysting_2007,conf_ils_high_10M,polyphest_p70,ploidy_diff.FN,0.0,0.0,0.0,0.0,5
Brysting_2007,conf_ils_high_10M,polyphest_p70,ploidy_diff.FP,0.0,0.0,0.0,0.0,5
Brysting_2007,conf_ils_high_10M,polyphest_p70,ploidy_diff.TP,20.0,0.0,20.0,20.0,5
Brysting_2007,conf_ils_high_10M,polyphest_p70,ploidy_diff.dist,0.0,0.0,0.0,0.0,5
Brysting_2007,conf_ils_high_10M,polyphest_p70,ret_leaf_jaccard.FN,0.05555555555555556,0.0,0.05555555555555555,0.05555555555555555,5
Brysting_2007,conf_ils_high_10M,polyphest_p70,ret_leaf_jaccard.FP,0.0,0.0,0.0,0.0,5
Brysting_2007,conf_ils_high_10M,polyphest_p70,ret_leaf_jaccard.TP,0.9444444444444444,0.0,0.9444444444444444,0.9444444444444444,5
Brysting_2007,conf_ils_high_10M,polyphest_p70,ret_leaf_jaccard.dist,0.05555555555555556,0.0,0.05555555555555555,0.05555555555555555,5
Brysting_2007,conf_ils_high_10M,polyphest_p70,ret_sisters_jaccard.FN,0.06388888888888888,0.018633899812498248,0.05555555555555555,0.09722222222222222,5
Brysting_2007,conf_ils_high_10M,polyphest_p70,ret_sisters_jaccard.FP,0.045370370370370366,0.018633899812498245,0.037037037037037035,0.07870370370370369,5
Brysting_2007,conf_ils_high_10M,polyphest_p70,ret_sisters_jaccard.TP,0.8956790123456791,0.026225488624997552,0.8487654320987654,0.9074074074074074,5
Brysting_2007,conf_ils_high_10M,polyphest_p70,ret_sisters_jaccard.dist,0.10432098765432099,0.026225488624997538,0.09259259259259259,0.15123456790123457,5
Brysting_2007,conf_ils_high_10M,polyphest_p90,edit_distance,1.0030150753768843,0.004494608999999504,0.9949748743718593,1.0050251256281406,5
Brysting_2007,conf_ils_high_10M,polyphest_p90,num_rets_diff,1.0,0.0,1.0,1.0,5
Brysting_2007,conf_ils_high_10M,polyphest_p90,ploidy_diff.FN,0.0,0.0,0.0,0.0,5
Brysting_2007,conf_ils_high_10M,polyphest_p90,ploidy_diff.FP,0.0,0.0,0.0,0.0,5
Brysting_2007,conf_ils_high_10M,polyphest_p90,ploidy_diff.TP,20.0,0.0,20.0,20.0,5
Brysting_2007,conf_ils_high_10M,polyphest_p90,ploidy_diff.dist,0.0,0.0,0.0,0.0,5
Brysting_2007,conf_ils_high_10M,polyphest_p90,ret_leaf_jaccard.FN,0.05555555555555556,0.0,0.05555555555555555,0.05555555555555555,5
Brysting_2007,conf_ils_high_10M,polyphest_p90,ret_leaf_jaccard.FP,0.0,0.0,0.0,0.0,5
Brysting_2007,conf_ils_high_10M,polyphest_p90,ret_leaf_jaccard.TP,0.9444444444444444,0.0,0.9444444444444444,0.9444444444444444,5
Brysting_2007,conf_ils_high_10M,polyphest_p90,ret_leaf_jaccard.dist,0.05555555555555556,0.0,0.05555555555555555,0.05555555555555555,5
Brysting_2007,conf_ils_high_10M,polyphest_p90,ret_sisters_jaccard.FN,0.06944444444444445,0.017010345435994292,0.05555555555555555,0.09722222222222222,5
Brysting_2007,conf_ils_high_10M,polyphest_p90,ret_sisters_jaccard.FP,0.045370370370370366,0.01863389981249824,0.037037037037037035,0.07870370370370369,5
Brysting_2007,conf_ils_high_10M,polyphest_p90,ret_sisters_jaccard.TP,0.8901234567901234,0.02414026197316234,0.8487654320987654,0.9074074074074074,5
Brysting_2007,conf_ils_high_10M,polyphest_p90,ret_sisters_jaccard.dist,0.10987654320987654,0.02414026197316232,0.09259259259259259,0.15123456790123457,5
Diaz-Perez_2018,conf_ils_high_10M,grampa,edit_distance,0.9463414634146341,0.026718173536837315,0.926829268292683,0.991869918699187,5
Diaz-Perez_2018,conf_ils_high_10M,grampa,num_rets_diff,8.0,0.0,8.0,8.0,5
Diaz-Perez_2018,conf_ils_high_10M,grampa,ploidy_diff.FN,13.0,0.0,13.0,13.0,5
Diaz-Perez_2018,conf_ils_high_10M,grampa,ploidy_diff.FP,1.0,0.0,1.0,1.0,5
Diaz-Perez_2018,conf_ils_high_10M,grampa,ploidy_diff.TP,-1.0,0.0,-1.0,-1.0,5
Diaz-Perez_2018,conf_ils_high_10M,grampa,ploidy_diff.dist,1.0769230769230769,0.0,1.0769230769230769,1.0769230769230769,5
Diaz-Perez_2018,conf_ils_high_10M,grampa,ret_leaf_jaccard.FN,0.888888888888889,0.0,0.8888888888888888,0.8888888888888888,5
Diaz-Perez_2018,conf_ils_high_10M,grampa,ret_leaf_jaccard.FP,0.0,0.0,0.0,0.0,5
Diaz-Perez_2018,conf_ils_high_10M,grampa,ret_leaf_jaccard.TP,0.11111111111111116,0.0,0.11111111111111116,0.11111111111111116,5
Diaz-Perez_2018,conf_ils_high_10M,grampa,ret_leaf_jaccard.dist,0.888888888888889,0.0,0.8888888888888888,0.8888888888888888,5
Diaz-Perez_2018,conf_ils_high_10M,grampa,ret_sisters_jaccard.FN,0.9444444444444444,0.0,0.9444444444444444,0.9444444444444444,5
Diaz-Perez_2018,conf_ils_high_10M,grampa,ret_sisters_jaccard.FP,0.05555555555555556,0.0,0.05555555555555555,0.05555555555555555,5
Diaz-Perez_2018,conf_ils_high_10M,grampa,ret_sisters_jaccard.TP,0.05555555555555558,0.0,0.05555555555555558,0.05555555555555558,5
Diaz-Perez_2018,conf_ils_high_10M,grampa,ret_sisters_jaccard.dist,0.9444444444444444,0.0,0.9444444444444444,0.9444444444444444,5
Diaz-Perez_2018,conf_ils_high_10M,polyphest_p50,edit_distance,0.7447154471544716,0.03127704725475019,0.7154471544715447,0.7967479674796748,5
Diaz-Perez_2018,conf_ils_high_10M,polyphest_p50,num_rets_diff,0.0,0.0,0.0,0.0,5
Diaz-Perez_2018,conf_ils_high_10M,polyphest_p50,ploidy_diff.FN,0.0,0.0,0.0,0.0,5
Diaz-Perez_2018,conf_ils_high_10M,polyphest_p50,ploidy_diff.FP,0.0,0.0,0.0,0.0,5
Diaz-Perez_2018,conf_ils_high_10M,polyphest_p50,ploidy_diff.TP,13.0,0.0,13.0,13.0,5
Diaz-Perez_2018,conf_ils_high_10M,polyphest_p50,ploidy_diff.dist,0.0,0.0,0.0,0.0,5
Diaz-Perez_2018,conf_ils_high_10M,polyphest_p50,ret_leaf_jaccard.FN,0.0,0.0,0.0,0.0,5
Diaz-Perez_2018,conf_ils_high_10M,polyphest_p50,ret_leaf_jaccard.FP,0.0,0.0,0.0,0.0,5
Diaz-Perez_2018,conf_ils_high_10M,polyphest_p50,ret_leaf_jaccard.TP,1.0,0.0,1.0,1.0,5
Diaz-Perez_2018,conf_ils_high_10M,polyphest_p50,ret_leaf_jaccard.dist,0.0,0.0,0.0,0.0,5
Diaz-Perez_2018,conf_ils_high_10M,polyphest_p50,ret_sisters_jaccard.FN,0.018518518518518517,0.022680460581325723,0.0,0.05555555555555555,5
Diaz-Perez_2018,conf_ils_high_10M,polyphest_p50,ret_sisters_jaccard.FP,0.10277777777777777,0.012422599874998833,0.09722222222222222,0.125,5
Diaz-Perez_2018,conf_ils_high_10M,polyphest_p50,ret_sisters_jaccard.TP,0.8898148148148148,0.012422599874998816,0.875,0.9027777777777778,5
Diaz-Perez_2018,conf_ils_high_10M,polyphest_p50,ret_sisters_jaccard.dist,0.11018518518518519,0.012422599874998835,0.09722222222222222,0.125,5
Diaz-Perez_2018,conf_ils_high_10M,polyphest_p70,edit_distance,0.751219512195122,0.03525119250191678,0.7154471544715447,0.7967479674796748,5
Diaz-Perez_2018,conf_ils_high_10M,polyphest_p70,num_rets_diff,0.0,0.0,0.0,0.0,5
Diaz-Perez_2018,conf_ils_high_10M,polyphest_p70,ploidy_diff.FN,0.0,0.0,0.0,0.0,5
Diaz-Perez_2018,conf_ils_high_10M,polyphest_p70,ploidy_diff.FP,0.0,0.0,0.0,0.0,5
Diaz-Perez_2018,conf_ils_high_10M,polyphest_p70,ploidy_diff.TP,13.0,0.0,13.0,13.0,5
Diaz-Perez_2018,conf_ils_high_10M,polyphest_p70,ploidy_diff.dist,0.0,0.0,0.0,0.0,5
Diaz-Perez_2018,conf_ils_high_10M,polyphest_p70,ret_leaf_jaccard.FN,0.0,0.0,0.0,0.0,5
Diaz-Perez_2018,conf_ils_high_10M,polyphest_p70,ret_leaf_jaccard.FP,0.0,0.0,0.0,0.0,5
Diaz-Perez_2018,conf_ils_high_10M,polyphest_p70,ret_leaf_jaccard.TP,1.0,0.0,1.0,1.0,5
Diaz-Perez_2018,conf_ils_high_10M,polyphest_p70,ret_leaf_jaccard.dist,0.0,0.0,0.0,0.0,5
Diaz-Perez_2018,conf_ils_high_10M,polyphest_p70,ret_sisters_jaccard.FN,0.018518518518518517,0.022680460581325723,0.0,0.05555555555555555,5
Diaz-Perez_2018,conf_ils_high_10M,polyphest_p70,ret_sisters_jaccard.FP,0.10277777777777777,0.012422599874998833,0.09722222222222222,0.125,5
Diaz-Perez_2018,conf_ils_high_10M,polyphest_p70,ret_sisters_jaccard.TP,0.8898148148148148,0.012422599874998816,0.875,0.9027777777777778,5
Diaz-Perez_2018,conf_ils_high_10M,polyphest_p70,ret_sisters_jaccard.dist,0.11018518518518519,0.012422599874998835,0.09722222222222222,0.125,5
Diaz-Perez_2018,conf_ils_high_10M,polyphest_p90,edit_distance,0.7479674796747967,0.016260162601626046,0.7317073170731707,0.7642276422764228,5
Diaz-Perez_2018,conf_ils_high_10M,polyphest_p90,num_rets_diff,0.0,0.0,0.0,0.0,5
Diaz-Perez_2018,conf_ils_high_10M,polyphest_p90,ploidy_diff.FN,0.0,0.0,0.0,0.0,5
Diaz-Perez_2018,conf_ils_high_10M,polyphest_p90,ploidy_diff.FP,0.0,0.0,0.0,0.0,5
Diaz-Perez_2018,conf_ils_high_10M,polyphest_p90,ploidy_diff.TP,13.0,0.0,13.0,13.0,5
Diaz-Perez_2018,conf_ils_high_10M,polyphest_p90,ploidy_diff.dist,0.0,0.0,0.0,0.0,5
Diaz-Perez_2018,conf_ils_high_10M,polyphest_p90,ret_leaf_jaccard.FN,0.0,0.0,0.0,0.0,5
Diaz-Perez_2018,conf_ils_high_10M,polyphest_p90,ret_leaf_jaccard.FP,0.0,0.0,0.0,0.0,5
Diaz-Perez_2018,conf_ils_high_10M,polyphest_p90,ret_leaf_jaccard.TP,1.0,0.0,1.0,1.0,5
Diaz-Perez_2018,conf_ils_high_10M,polyphest_p90,ret_leaf_jaccard.dist,0.0,0.0,0.0,0.0,5
Diaz-Perez_2018,conf_ils_high_10M,polyphest_p90,ret_sisters_jaccard.FN,0.018518518518518517,0.022680460581325723,0.0,0.05555555555555555,5
Diaz-Perez_2018,conf_ils_high_10M,polyphest_p90,ret_sisters_jaccard.FP,0.10277777777777777,0.012422599874998833,0.09722222222222222,0.125,5
Diaz-Perez_2018,conf_ils_high_10M,polyphest_p90,ret_sisters_jaccard.TP,0.8898148148148148,0.012422599874998816,0.875,0.9027777777777778,5
Diaz-Perez_2018,conf_ils_high_10M,polyphest_p90,ret_sisters_jaccard.dist,0.11018518518518519,0.012422599874998835,0.09722222222222222,0.125,5
Ding_2023,conf_ils_high_10M,grampa,edit_distance,0.9480000000000001,0.017888543819998326,0.94,0.98,5
Ding_2023,conf_ils_high_10M,grampa,num_rets_diff,1.0,0.0,1.0,1.0,5
Ding_2023,conf_ils_high_10M,grampa,ploidy_diff.FN,3.0,3.24037034920393,0.0,7.0,5
Ding_2023,conf_ils_high_10M,grampa,ploidy_diff.FP,2.2,2.280350850198276,0.0,5.0,5
Ding_2023,conf_ils_high_10M,grampa,ploidy_diff.TP,4.0,3.24037034920393,0.0,7.0,5
Ding_2023,conf_ils_high_10M,grampa,ploidy_diff.dist,0.484920634920635,0.4343779199897867,0.1428571428571429,1.0,5
Ding_2023,conf_ils_high_10M,grampa,ret_leaf_jaccard.FN,0.0,0.0,0.0,0.0,5
Ding_2023,conf_ils_high_10M,grampa,ret_leaf_jaccard.FP,1.0,0.0,1.0,1.0,5
Ding_2023,conf_ils_high_10M,grampa,ret_leaf_jaccard.TP,0.0,0.0,0.0,0.0,5
Ding_2023,conf_ils_high_10M,grampa,ret_leaf_jaccard.dist,1.0,0.0,1.0,1.0,5
Ding_2023,conf_ils_high_10M,grampa,ret_sisters_jaccard.FN,0.0,0.0,0.0,0.0,5
Ding_2023,conf_ils_high_10M,grampa,ret_sisters_jaccard.FP,1.0,0.0,1.0,1.0,5
Ding_2023,conf_ils_high_10M,grampa,ret_sisters_jaccard.TP,0.0,0.0,0.0,0.0,5
Ding_2023,conf_ils_high_10M,grampa,ret_sisters_jaccard.dist,1.0,0.0,1.0,1.0,5
Ding_2023,conf_ils_high_10M,mpsugar,edit_distance,1.1294117647058823,0.05113099925649131,1.0588235294117647,1.1764705882352942,5
Ding_2023,conf_ils_high_10M,mpsugar,num_rets_diff,0.0,0.0,0.0,0.0,5
Ding_2023,conf_ils_high_10M,mpsugar,ploidy_diff.FN,7.0,0.0,7.0,7.0,5
Ding_2023,conf_ils_high_10M,mpsugar,ploidy_diff.FP,1.0,0.0,1.0,1.0,5
Ding_2023,conf_ils_high_10M,mpsugar,ploidy_diff.TP,-1.0,0.0,-1.0,-1.0,5
Ding_2023,conf_ils_high_10M,mpsugar,ploidy_diff.dist,1.1428571428571428,0.0,1.1428571428571428,1.1428571428571428,5
Ding_2023,conf_ils_high_10M,mpsugar,ret_leaf_jaccard.FN,0.0,0.0,0.0,0.0,5
Ding_2023,conf_ils_high_10M,mpsugar,ret_leaf_jaccard.FP,0.0,0.0,0.0,0.0,5
Ding_2023,conf_ils_high_10M,mpsugar,ret_leaf_jaccard.TP,0.0,0.0,0.0,0.0,5
Ding_2023,conf_ils_high_10M,mpsugar,ret_leaf_jaccard.dist,0.0,0.0,0.0,0.0,5
Ding_2023,conf_ils_high_10M,mpsugar,ret_sisters_jaccard.FN,0.0,0.0,0.0,0.0,5
Ding_2023,conf_ils_high_10M,mpsugar,ret_sisters_jaccard.FP,0.0,0.0,0.0,0.0,5
Ding_2023,conf_ils_high_10M,mpsugar,ret_sisters_jaccard.TP,0.0,0.0,0.0,0.0,5
Ding_2023,conf_ils_high_10M,mpsugar,ret_sisters_jaccard.dist,0.0,0.0,0.0,0.0,5
Ding_2023,conf_ils_high_10M,polyphest_p50,edit_distance,0.8825,0.01118033988749891,0.8625,0.8875,5
Ding_2023,conf_ils_high_10M,polyphest_p50,num_rets_diff,7.0,0.0,7.0,7.0,5
Ding_2023,conf_ils_high_10M,polyphest_p50,ploidy_diff.FN,0.0,0.0,0.0,0.0,5
Ding_2023,conf_ils_high_10M,polyphest_p50,ploidy_diff.FP,0.0,0.0,0.0,0.0,5
Ding_2023,conf_ils_high_10M,polyphest_p50,ploidy_diff.TP,7.0,0.0,7.0,7.0,5
Ding_2023,conf_ils_high_10M,polyphest_p50,ploidy_diff.dist,0.0,0.0,0.0,0.0,5
Ding_2023,conf_ils_high_10M,polyphest_p50,ret_leaf_jaccard.FN,0.0,0.0,0.0,0.0,5
Ding_2023,conf_ils_high_10M,polyphest_p50,ret_leaf_jaccard.FP,1.0,0.0,1.0,1.0,5
Ding_2023,conf_ils_high_10M,polyphest_p50,ret_leaf_jaccard.TP,0.0,0.0,0.0,0.0,5
Ding_2023,conf_ils_high_10M,polyphest_p50,ret_leaf_jaccard.dist,1.0,0.0,1.0,1.0,5
Ding_2023,conf_ils_high_10M,polyphest_p50,ret_sisters_jaccard.FN,0.0,0.0,0.0,0.0,5
Ding_2023,conf_ils_high_10M,polyphest_p50,ret_sisters_jaccard.FP,1.0,0.0,1.0,1.0,5
Ding_2023,conf_ils_high_10M,polyphest_p50,ret_sisters_jaccard.TP,0.0,0.0,0.0,0.0,5
Ding_2023,conf_ils_high_10M,polyphest_p50,ret_sisters_jaccard.dist,1.0,0.0,1.0,1.0,5
Ding_2023,conf_ils_high_10M,polyphest_p70,edit_distance,0.8925000000000001,0.02091650066335185,0.8625,0.9125,5
Ding_2023,conf_ils_high_10M,polyphest_p70,num_rets_diff,7.0,0.0,7.0,7.0,5
Ding_2023,conf_ils_high_10M,polyphest_p70,ploidy_diff.FN,0.0,0.0,0.0,0.0,5
Ding_2023,conf_ils_high_10M,polyphest_p70,ploidy_diff.FP,0.0,0.0,0.0,0.0,5
Ding_2023,conf_ils_high_10M,polyphest_p70,ploidy_diff.TP,7.0,0.0,7.0,7.0,5
Ding_2023,conf_ils_high_10M,polyphest_p70,ploidy_diff.dist,0.0,0.0,0.0,0.0,5
Ding_2023,conf_ils_high_10M,polyphest_p70,ret_leaf_jaccard.FN,0.0,0.0,0.0,0.0,5
Ding_2023,conf_ils_high_10M,polyphest_p70,ret_leaf_jaccard.FP,1.0,0.0,1.0,1.0,5
Ding_2023,conf_ils_high_10M,polyphest_p70,ret_leaf_jaccard.TP,0.0,0.0,0.0,0.0,5
Ding_2023,conf_ils_high_10M,polyphest_p70,ret_leaf_jaccard.dist,1.0,0.0,1.0,1.0,5
Ding_2023,conf_ils_high_10M,polyphest_p70,ret_sisters_jaccard.FN,0.0,0.0,0.0,0.0,5
Ding_2023,conf_ils_high_10M,polyphest_p70,ret_sisters_jaccard.FP,1.0,0.0,1.0,1.0,5
Ding_2023,conf_ils_high_10M,polyphest_p70,ret_sisters_jaccard.TP,0.0,0.0,0.0,0.0,5
Ding_2023,conf_ils_high_10M,polyphest_p70,ret_sisters_jaccard.dist,1.0,0.0,1.0,1.0,5
Ding_2023,conf_ils_high_10M,polyphest_p90,edit_distance,0.8975,0.013693063937629169,0.8875,0.9125,5
Ding_2023,conf_ils_high_10M,polyphest_p90,num_rets_diff,7.0,0.0,7.0,7.0,5
Ding_2023,conf_ils_high_10M,polyphest_p90,ploidy_diff.FN,0.0,0.0,0.0,0.0,5
Ding_2023,conf_ils_high_10M,polyphest_p90,ploidy_diff.FP,0.0,0.0,0.0,0.0,5
Ding_2023,conf_ils_high_10M,polyphest_p90,ploidy_diff.TP,7.0,0.0,7.0,7.0,5
Ding_2023,conf_ils_high_10M,polyphest_p90,ploidy_diff.dist,0.0,0.0,0.0,0.0,5
Ding_2023,conf_ils_high_10M,polyphest_p90,ret_leaf_jaccard.FN,0.0,0.0,0.0,0.0,5
Ding_2023,conf_ils_high_10M,polyphest_p90,ret_leaf_jaccard.FP,1.0,0.0,1.0,1.0,5
Ding_2023,conf_ils_high_10M,polyphest_p90,ret_leaf_jaccard.TP,0.0,0.0,0.0,0.0,5
Ding_2023,conf_ils_high_10M,polyphest_p90,ret_leaf_jaccard.dist,1.0,0.0,1.0,1.0,5
Ding_2023,conf_ils_high_10M,polyphest_p90,ret_sisters_jaccard.FN,0.0,0.0,0.0,0.0,5
Ding_2023,conf_ils_high_10M,polyphest_p90,ret_sisters_jaccard.FP,1.0,0.0,1.0,1.0,5
Ding_2023,conf_ils_high_10M,polyphest_p90,ret_sisters_jaccard.TP,0.0,0.0,0.0,0.0,5
Ding_2023,conf_ils_high_10M,polyphest_p90,ret_sisters_jaccard.dist,1.0,0.0,1.0,1.0,5
Hori_2014,conf_ils_high_10M,grampa,edit_distance,0.9814814814814815,0.018518518518518556,0.9629629629629629,1.0,5
Hori_2014,conf_ils_high_10M,grampa,num_rets_diff,6.0,0.0,6.0,6.0,5
Hori_2014,conf_ils_high_10M,grampa,ploidy_diff.FN,11.2,1.788854381999832,8.0,12.0,5
Hori_2014,conf_ils_high_10M,grampa,ploidy_diff.FP,7.0,2.8284271247461903,2.0,9.0,5
Hori_2014,conf_ils_high_10M,grampa,ploidy_diff.TP,-2.2,1.7888543819998317,-3.0,1.0,5
Hori_2014,conf_ils_high_10M,grampa,ploidy_diff.dist,1.14931669637552,0.121875768198788,0.9444444444444444,1.2727272727272727,5
Hori_2014,conf_ils_high_10M,grampa,ret_leaf_jaccard.FN,0.8571428571428571,0.0,0.8571428571428571,0.8571428571428571,5
Hori_2014,conf_ils_high_10M,grampa,ret_leaf_jaccard.FP,0.09965986394557823,0.055833102811163535,0.0,0.13095238095238096,5
Hori_2014,conf_ils_high_10M,grampa,ret_leaf_jaccard.TP,0.04319727891156457,0.0558331028111636,0.011904761904761862,0.1428571428571429,5
Hori_2014,conf_ils_high_10M,grampa,ret_leaf_jaccard.dist,0.9568027210884354,0.055833102811163625,0.8571428571428571,0.9880952380952381,5
Hori_2014,conf_ils_high_10M,grampa,ret_sisters_jaccard.FN,0.9333333333333333,0.022821773229381837,0.9166666666666667,0.9583333333333333,5
Hori_2014,conf_ils_high_10M,grampa,ret_sisters_jaccard.FP,0.05178571428571428,0.001630126659241563,0.050595238095238096,0.05357142857142857,5
Hori_2014,conf_ils_high_10M,grampa,ret_sisters_jaccard.TP,0.04128540305010893,0.0038782098298295537,0.03703703703703709,0.044117647058823484,5
Hori_2014,conf_ils_high_10M,grampa,ret_sisters_jaccard.dist,0.9587145969498911,0.0038782098298295446,0.9558823529411765,0.9629629629629629,5
Hori_2014,conf_ils_high_10M,polyphest_p50,edit_distance,0.7777777777777778,0.11490438561102646,0.5740740740740741,0.8518518518518519,5
Hori_2014,conf_ils_high_10M,polyphest_p50,num_rets_diff,0.0,0.0,0.0,0.0,5
Hori_2014,conf_ils_high_10M,polyphest_p50,ploidy_diff.FN,0.0,0.0,0.0,0.0,5
Hori_2014,conf_ils_high_10M,polyphest_p50,ploidy_diff.FP,0.0,0.0,0.0,0.0,5
Hori_2014,conf_ils_high_10M,polyphest_p50,ploidy_diff.TP,11.0,0.0,11.0,11.0,5
Hori_2014,conf_ils_high_10M,polyphest_p50,ploidy_diff.dist,0.0,0.0,0.0,0.0,5
Hori_2014,conf_ils_high_10M,polyphest_p50,ret_leaf_jaccard.FN,0.0,0.0,0.0,0.0,5
Hori_2014,conf_ils_high_10M,polyphest_p50,ret_leaf_jaccard.FP,0.0,0.0,0.0,0.0,5
Hori_2014,conf_ils_high_10M,polyphest_p50,ret_leaf_jaccard.TP,1.0,0.0,1.0,1.0,5
Hori_2014,conf_ils_high_10M,polyphest_p50,ret_leaf_jaccard.dist,0.0,0.0,0.0,0.0,5
Hori_2014,conf_ils_high_10M,polyphest_p50,ret_sisters_jaccard.FN,0.04761904761904762,0.03174603174603175,0.015873015873015872,0.07936507936507937,5
Hori_2014,conf_ils_high_10M,polyphest_p50,ret_sisters_jaccard.FP,0.03809523809523809,0.013041013273932527,0.023809523809523808,0.047619047619047616,5
Hori_2014,conf_ils_high_10M,polyphest_p50,ret_sisters_jaccard.TP,0.9428571428571428,0.0205431414373727,0.9206349206349206,0.9603174603174603,5
Hori_2014,conf_ils_high_10M,polyphest_p50,ret_sisters_jaccard.dist,0.05714285714285715,0.020543141437372677,0.03968253968253969,0.07936507936507937,5
Hori_2014,conf_ils_high_10M,polyphest_p70,edit_distance,0.8222222222222222,0.010143010324169786,0.8148148148148148,0.8333333333333334,5
Hori_2014,conf_ils_high_10M,polyphest_p70,num_rets_diff,0.0,0.0,0.0,0.0,5
Hori_2014,conf_ils_high_10M,polyphest_p70,ploidy_diff.FN,0.0,0.0,0.0,0.0,5
Hori_2014,conf_ils_high_10M,polyphest_p70,ploidy_diff.FP,0.0,0.0,0.0,0.0,5
Hori_2014,conf_ils_high_10M,polyphest_p70,ploidy_diff.TP,11.0,0.0,11.0,11.0,5
Hori_2014,conf_ils_high_10M,polyphest_p70,ploidy_diff.dist,0.0,0.0,0.0,0.0,5
Hori_2014,conf_ils_high_10M,polyphest_p70,ret_leaf_jaccard.FN,0.0,0.0,0.0,0.0,5
Hori_2014,conf_ils_high_10M,polyphest_p70,ret_leaf_jaccard.FP,0.0,0.0,0.0,0.0,5
Hori_2014,conf_ils_high_10M,polyphest_p70,ret_leaf_jaccard.TP,1.0,0.0,1.0,1.0,5
Hori_2014,conf_ils_high_10M,polyphest_p70,ret_leaf_jaccard.dist,0.0,0.0,0.0,0.0,5
Hori_2014,conf_ils_high_10M,polyphest_p70,ret_sisters_jaccard.FN,0.06666666666666668,0.017388017698576713,0.047619047619047616,0.07936507936507937,5
Hori_2014,conf_ils_high_10M,polyphest_p70,ret_sisters_jaccard.FP,0.047619047619047616,0.0,0.047619047619047616,0.047619047619047616,5
Hori_2014,conf_ils_high_10M,polyphest_p70,ret_sisters_jaccard.TP,0.9333333333333332,0.017388017698576726,0.9206349206349206,0.9523809523809523,5
Hori_2014,conf_ils_high_10M,polyphest_p70,ret_sisters_jaccard.dist,0.06666666666666668,0.017388017698576713,0.047619047619047616,0.07936507936507937,5
Hori_2014,conf_ils_high_10M,polyphest_p90,edit_distance,0.8185185185185185,0.015493704195075468,0.7962962962962963,0.8333333333333334,5
Hori_2014,conf_ils_high_10M,polyphest_p90,num_rets_diff,0.0,0.0,0.0,0.0,5
Hori_2014,conf_ils_high_10M,polyphest_p90,ploidy_diff.FN,0.0,0.0,0.0,0.0,5
Hori_2014,conf_ils_high_10M,polyphest_p90,ploidy_diff.FP,0.0,0.0,0.0,0.0,5
Hori_2014,conf_ils_high_10M,polyphest_p90,ploidy_diff.TP,11.0,0.0,11.0,11.0,5
Hori_2014,conf_ils_high_10M,polyphest_p90,ploidy_diff.dist,0.0,0.0,0.0,0.0,5
Hori_2014,conf_ils_high_10M,polyphest_p90,ret_leaf_jaccard.FN,0.0,0.0,0.0,0.0,5
Hori_2014,conf_ils_high_10M,polyphest_p90,ret_leaf_jaccard.FP,0.0,0.0,0.0,0.0,5
Hori_2014,conf_ils_high_10M,polyphest_p90,ret_leaf_jaccard.TP,1.0,0.0,1.0,1.0,5
Hori_2014,conf_ils_high_10M,polyphest_p90,ret_leaf_jaccard.dist,0.0,0.0,0.0,0.0,5
Hori_2014,conf_ils_high_10M,polyphest_p90,ret_sisters_jaccard.FN,0.06984126984126984,0.03781310872879872,0.015873015873015872,0.10317460317460317,5
Hori_2014,conf_ils_high_10M,polyphest_p90,ret_sisters_jaccard.FP,0.052380952380952375,0.019920476822239894,0.023809523809523808,0.07142857142857142,5
Hori_2014,conf_ils_high_10M,polyphest_p90,ret_sisters_jaccard.TP,0.9253968253968253,0.030012175239982557,0.8968253968253969,0.9603174603174603,5
Hori_2014,conf_ils_high_10M,polyphest_p90,ret_sisters_jaccard.dist,0.0746031746031746,0.030012175239982595,0.03968253968253969,0.10317460317460317,5
Koenen_2020,conf_ils_high_10M,grampa,edit_distance,0.8,0.0867394947885471,0.6486486486486487,0.8648648648648649,5
Koenen_2020,conf_ils_high_10M,grampa,num_rets_diff,0.0,0.0,0.0,0.0,5
Koenen_2020,conf_ils_high_10M,grampa,ploidy_diff.FN,1.0,2.2360679774997894,0.0,5.0,5
Koenen_2020,conf_ils_high_10M,grampa,ploidy_diff.FP,4.8,4.764451699828639,0.0,10.0,5
Koenen_2020,conf_ils_high_10M,grampa,ploidy_diff.TP,4.0,2.23606797749979,0.0,5.0,5
Koenen_2020,conf_ils_high_10M,grampa,ploidy_diff.dist,0.4333333333333334,0.4346134936801766,0.0,1.0,5
Koenen_2020,conf_ils_high_10M,grampa,ret_leaf_jaccard.FN,0.2,0.447213595499958,0.0,1.0,5
Koenen_2020,conf_ils_high_10M,grampa,ret_leaf_jaccard.FP,0.4333333333333333,0.4346134936801766,0.0,1.0,5
Koenen_2020,conf_ils_high_10M,grampa,ret_leaf_jaccard.TP,0.5666666666666667,0.4346134936801766,0.0,1.0,5
Koenen_2020,conf_ils_high_10M,grampa,ret_leaf_jaccard.dist,0.4333333333333334,0.4346134936801766,0.0,1.0,5
Koenen_2020,conf_ils_high_10M,grampa,ret_sisters_jaccard.FN,0.2,0.27386127875258304,0.0,0.5,5
Koenen_2020,conf_ils_high_10M,grampa,ret_sisters_jaccard.FP,0.40555555555555556,0.3906705220388703,0.0,0.7777777777777778,5
Koenen_2020,conf_ils_high_10M,grampa,ret_sisters_jaccard.TP,0.5944444444444444,0.3906705220388703,0.2222222222222222,1.0,5
Koenen_2020,conf_ils_high_10M,grampa,ret_sisters_jaccard.dist,0.40555555555555556,0.3906705220388703,0.0,0.7777777777777778,5
Koenen_2020,conf_ils_high_10M,mpsugar,edit_distance,1.1153153153153155,0.049339110869318394,1.054054054054054,1.1891891891891893,5
Koenen_2020,conf_ils_high_10M,mpsugar,num_rets_diff,0.6,0.5477225575051661,0.0,1.0,5
Koenen_2020,conf_ils_high_10M,mpsugar,ploidy_diff.FN,3.0,2.7386127875258306,0.0,5.0,5
Koenen_2020,conf_ils_high_10M,mpsugar,ploidy_diff.FP,0.6,0.5477225575051661,0.0,1.0,5
Koenen_2020,conf_ils_high_10M,mpsugar,ploidy_diff.TP,1.4,3.286335345030997,-1.0,5.0,5
Koenen_2020,conf_ils_high_10M,mpsugar,ploidy_diff.dist,0.72,0.6572670690061994,0.0,1.2,5
Koenen_2020,conf_ils_high_10M,mpsugar,ret_leaf_jaccard.FN,0.6,0.5477225575051661,0.0,1.0,5
Koenen_2020,conf_ils_high_10M,mpsugar,ret_leaf_jaccard.FP,0.0,0.0,0.0,0.0,5
Koenen_2020,conf_ils_high_10M,mpsugar,ret_leaf_jaccard.TP,0.4,0.5477225575051661,0.0,1.0,5
Koenen_2020,conf_ils_high_10M,mpsugar,ret_leaf_jaccard.dist,0.6,0.5477225575051661,0.0,1.0,5
Koenen_2020,conf_ils_high_10M,mpsugar,ret_sisters_jaccard.FN,0.625,0.5153882032022076,0.0,1.0,5
Koenen_2020,conf_ils_high_10M,mpsugar,ret_sisters_jaccard.FP,0.0,0.0,0.0,0.0,5
Koenen_2020,conf_ils_high_10M,mpsugar,ret_sisters_jaccard.TP,0.375,0.5153882032022076,0.0,1.0,5
Koenen_2020,conf_ils_high_10M,mpsugar,ret_sisters_jaccard.dist,0.625,0.5153882032022076,0.0,1.0,5
Koenen_2020,conf_ils_high_10M,polyphest_p50,edit_distance,0.8723404255319149,0.021276595744680802,0.851063829787234,0.8936170212765957,5
Koenen_2020,conf_ils_high_10M,polyphest_p50,num_rets_diff,4.0,0.0,4.0,4.0,5
Koenen_2020,conf_ils_high_10M,polyphest_p50,ploidy_diff.FN,0.0,0.0,0.0,0.0,5
Koenen_2020,conf_ils_high_10M,polyphest_p50,ploidy_diff.FP,0.0,0.0,0.0,0.0,5
Koenen_2020,conf_ils_high_10M,polyphest_p50,ploidy_diff.TP,5.0,0.0,5.0,5.0,5
Koenen_2020,conf_ils_high_10M,polyphest_p50,ploidy_diff.dist,0.0,0.0,0.0,0.0,5
Koenen_2020,conf_ils_high_10M,polyphest_p50,ret_leaf_jaccard.FN,0.16,0.0,0.16,0.16,5
Koenen_2020,conf_ils_high_10M,polyphest_p50,ret_leaf_jaccard.FP,0.8,0.0,0.8,0.8,5
Koenen_2020,conf_ils_high_10M,polyphest_p50,ret_leaf_jaccard.TP,0.040000000000000036,0.0,0.040000000000000036,0.040000000000000036,5
Koenen_2020,conf_ils_high_10M,polyphest_p50,ret_leaf_jaccard.dist,0.96,0.0,0.96,0.96,5
Koenen_2020,conf_ils_high_10M,polyphest_p50,ret_sisters_jaccard.FN,0.18,0.006846531968814579,0.175,0.1875,5
Koenen_2020,conf_ils_high_10M,polyphest_p50,ret_sisters_jaccard.FP,0.9,0.0,0.9,0.9,5
Koenen_2020,conf_ils_high_10M,polyphest_p50,ret_sisters_jaccard.TP,0.019999999999999997,0.006846531968814612,0.012499999999999956,0.025000000000000022,5
Koenen_2020,conf_ils_high_10M,polyphest_p50,ret_sisters_jaccard.dist,0.9800000000000001,0.006846531968814626,0.975,0.9875,5
Koenen_2020,conf_ils_high_10M,polyphest_p70,edit_distance,0.8808510638297872,0.02425905159785397,0.851063829787234,0.9148936170212766,5
Koenen_2020,conf_ils_high_10M,polyphest_p70,num_rets_diff,4.0,0.0,4.0,4.0,5
Koenen_2020,conf_ils_high_10M,polyphest_p70,ploidy_diff.FN,0.0,0.0,0.0,0.0,5
Koenen_2020,conf_ils_high_10M,polyphest_p70,ploidy_diff.FP,0.0,0.0,0.0,0.0,5
Koenen_2020,conf_ils_high_10M,polyphest_p70,ploidy_diff.TP,5.0,0.0,5.0,5.0,5
Koenen_2020,conf_ils_high_10M,polyphest_p70,ploidy_diff.dist,0.0,0.0,0.0,0.0,5
Koenen_2020,conf_ils_high_10M,polyphest_p70,ret_leaf_jaccard.FN,0.16,0.0,0.16,0.16,5
Koenen_2020,conf_ils_high_10M,polyphest_p70,ret_leaf_jaccard.FP,0.8,0.0,0.8,0.8,5
Koenen_2020,conf_ils_high_10M,polyphest_p70,ret_leaf_jaccard.TP,0.040000000000000036,0.0,0.040000000000000036,0.040000000000000036,5
Koenen_2020,conf_ils_high_10M,polyphest_p70,ret_leaf_jaccard.dist,0.96,0.0,0.96,0.96,5
Koenen_2020,conf_ils_high_10M,polyphest_p70,ret_sisters_jaccard.FN,0.1725,0.005590169943749468,0.1625,0.175,5
Koenen_2020,conf_ils_high_10M,polyphest_p70,ret_sisters_jaccard.FP,0.9,0.0,0.9,0.9,5
Koenen_2020,conf_ils_high_10M,polyphest_p70,ret_sisters_jaccard.TP,0.027500000000000014,0.005590169943749454,0.025000000000000022,0.03749999999999998,5
Koenen_2020,conf_ils_high_10M,polyphest_p70,ret_sisters_jaccard.dist,0.9724999999999999,0.005590169943749443,0.9625,0.975,5
Koenen_2020,conf_ils_high_10M,polyphest_p90,edit_distance,0.876595744680851,0.02774128683064956,0.851063829787234,0.9148936170212766,5
Koenen_2020,conf_ils_high_10M,polyphest_p90,num_rets_diff,4.0,0.0,4.0,4.0,5
Koenen_2020,conf_ils_high_10M,polyphest_p90,ploidy_diff.FN,0.0,0.0,0.0,0.0,5
Koenen_2020,conf_ils_high_10M,polyphest_p90,ploidy_diff.FP,0.0,0.0,0.0,0.0,5
Koenen_2020,conf_ils_high_10M,polyphest_p90,ploidy_diff.TP,5.0,0.0,5.0,5.0,5
Koenen_2020,conf_ils_high_10M,polyphest_p90,ploidy_diff.dist,0.0,0.0,0.0,0.0,5
Koenen_2020,conf_ils_high_10M,polyphest_p90,ret_leaf_jaccard.FN,0.16,0.0,0.16,0.16,5
Koenen_2020,conf_ils_high_10M,polyphest_p90,ret_leaf_jaccard.FP,0.8,0.0,0.8,0.8,5
Koenen_2020,conf_ils_high_10M,polyphest_p90,ret_leaf_jaccard.TP,0.040000000000000036,0.0,0.040000000000000036,0.040000000000000036,5
Koenen_2020,conf_ils_high_10M,polyphest_p90,ret_leaf_jaccard.dist,0.96,0.0,0.96,0.96,5
Koenen_2020,conf_ils_high_10M,polyphest_p90,ret_sisters_jaccard.FN,0.1775,0.005590169943749482,0.175,0.1875,5
Koenen_2020,conf_ils_high_10M,polyphest_p90,ret_sisters_jaccard.FP,0.9,0.0,0.9,0.9,5
Koenen_2020,conf_ils_high_10M,polyphest_p90,ret_sisters_jaccard.TP,0.02250000000000001,0.005590169943749504,0.012499999999999956,0.025000000000000022,5
Koenen_2020,conf_ils_high_10M,polyphest_p90,ret_sisters_jaccard.dist,0.9775,0.005590169943749501,0.975,0.9875,5
Lawrence_2016,conf_ils_high_10M,grampa,edit_distance,0.9151162790697673,0.005200158087208826,0.9127906976744186,0.9244186046511628,5
Lawrence_2016,conf_ils_high_10M,grampa,num_rets_diff,3.0,0.0,3.0,3.0,5
Lawrence_2016,conf_ils_high_10M,grampa,ploidy_diff.FN,5.4,0.8944271909999159,4.0,6.0,5
Lawrence_2016,conf_ils_high_10M,grampa,ploidy_diff.FP,14.4,12.992305415129373,5.0,31.0,5
Lawrence_2016,conf_ils_high_10M,grampa,ploidy_diff.TP,-0.4,0.8944271909999159,-1.0,1.0,5
Lawrence_2016,conf_ils_high_10M,grampa,ploidy_diff.dist,1.0544444444444445,0.06314787661503478,0.9722222222222222,1.1,5
Lawrence_2016,conf_ils_high_10M,grampa,ret_leaf_jaccard.FN,0.75,0.0,0.75,0.75,5
Lawrence_2016,conf_ils_high_10M,grampa,ret_leaf_jaccard.FP,0.21511784511784512,0.020805519984511085,0.2,0.24074074074074073,5
Lawrence_2016,conf_ils_high_10M,grampa,ret_leaf_jaccard.TP,0.03488215488215492,0.020805519984511116,0.0092592592592593,0.050000000000000044,5
Lawrence_2016,conf_ils_high_10M,grampa,ret_leaf_jaccard.dist,0.965117845117845,0.020805519984511148,0.95,0.9907407407407407,5
Lawrence_2016,conf_ils_high_10M,grampa,ret_sisters_jaccard.FN,0.9416666666666667,0.08122328620674134,0.8333333333333334,1.0,5
Lawrence_2016,conf_ils_high_10M,grampa,ret_sisters_jaccard.FP,0.16557017543859648,0.058557148784292495,0.08114035087719298,0.2467105263157895,5
Lawrence_2016,conf_ils_high_10M,grampa,ret_sisters_jaccard.TP,0.017763157894736835,0.03790752708128403,0.0,0.08552631578947367,5
Lawrence_2016,conf_ils_high_10M,grampa,ret_sisters_jaccard.dist,0.9822368421052632,0.03790752708128403,0.9144736842105263,1.0,5
Lawrence_2016,conf_ils_high_10M,polyphest_p90,edit_distance,0.9043621074760215,0.030395580865969513,0.872093023255814,0.943502824858757,5
Lawrence_2016,conf_ils_high_10M,polyphest_p90,num_rets_diff,0.8,0.4472135954999579,0.0,1.0,5
Lawrence_2016,conf_ils_high_10M,polyphest_p90,ploidy_diff.FN,0.0,0.0,0.0,0.0,5
Lawrence_2016,conf_ils_high_10M,polyphest_p90,ploidy_diff.FP,0.0,0.0,0.0,0.0,5
Lawrence_2016,conf_ils_high_10M,polyphest_p90,ploidy_diff.TP,6.0,0.0,6.0,6.0,5
Lawrence_2016,conf_ils_high_10M,polyphest_p90,ploidy_diff.dist,0.0,0.0,0.0,0.0,5
Lawrence_2016,conf_ils_high_10M,polyphest_p90,ret_leaf_jaccard.FN,0.08,0.0447213595499958,0.0,0.1,5
Lawrence_2016,conf_ils_high_10M,polyphest_p90,ret_leaf_jaccard.FP,0.16,0.0894427190999916,0.0,0.2,5
Lawrence_2016,conf_ils_high_10M,polyphest_p90,ret_leaf_jaccard.TP,0.76,0.1341640786499874,0.7,1.0,5
Lawrence_2016,conf_ils_high_10M,polyphest_p90,ret_leaf_jaccard.dist,0.24,0.1341640786499874,0.0,0.3,5
Lawrence_2016,conf_ils_high_10M,polyphest_p90,ret_sisters_jaccard.FN,0.10583333333333333,0.029403797940628914,0.0625,0.13333333333333333,5
Lawrence_2016,conf_ils_high_10M,polyphest_p90,ret_sisters_jaccard.FP,0.29904761904761906,0.06318726442478362,0.19523809523809524,0.35,5
Lawrence_2016,conf_ils_high_10M,polyphest_p90,ret_sisters_jaccard.TP,0.6751190476190476,0.04807888099972731,0.6166666666666667,0.7422619047619048,5
Lawrence_2016,conf_ils_high_10M,polyphest_p90,ret_sisters_jaccard.dist,0.3248809523809523,0.04807888099972732,0.2577380952380952,0.3833333333333333,5
Liang_2019,conf_ils_high_10M,grampa,edit_distance,0.96015625,0.010481568644530261,0.94140625,0.96484375,5
Liang_2019,conf_ils_high_10M,grampa,num_rets_diff,24.0,0.0,24.0,24.0,5
Liang_2019,conf_ils_high_10M,grampa,ploidy_diff.FN,29.0,0.0,29.0,29.0,5
Liang_2019,conf_ils_high_10M,grampa,ploidy_diff.FP,0.0,0.0,0.0,0.0,5
Liang_2019,conf_ils_high_10M,grampa,ploidy_diff.TP,0.0,0.0,0.0,0.0,5
Liang_2019,conf_ils_high_10M,grampa,ploidy_diff.dist,1.0,0.0,1.0,1.0,5
Liang_2019,conf_ils_high_10M,grampa,ret_leaf_jaccard.FN,1.0,0.0,1.0,1.0,5
Liang_2019,conf_ils_high_10M,grampa,ret_leaf_jaccard.FP,0.0,0.0,0.0,0.0,5
Liang_2019,conf_ils_high_10M,grampa,ret_leaf_jaccard.TP,0.0,0.0,0.0,0.0,5
Liang_2019,conf_ils_high_10M,grampa,ret_leaf_jaccard.dist,1.0,0.0,1.0,1.0,5
Liang_2019,conf_ils_high_10M,grampa,ret_sisters_jaccard.FN,1.0,0.0,1.0,1.0,5
Liang_2019,conf_ils_high_10M,grampa,ret_sisters_jaccard.FP,0.0,0.0,0.0,0.0,5
Liang_2019,conf_ils_high_10M,grampa,ret_sisters_jaccard.TP,0.0,0.0,0.0,0.0,5
Liang_2019,conf_ils_high_10M,grampa,ret_sisters_jaccard.dist,1.0,0.0,1.0,1.0,5
Liang_2019,conf_ils_high_10M,polyphest_p50,edit_distance,0.7328125,0.028384222069663987,0.703125,0.765625,5
Liang_2019,conf_ils_high_10M,polyphest_p50,num_rets_diff,0.0,0.0,0.0,0.0,5
Liang_2019,conf_ils_high_10M,polyphest_p50,ploidy_diff.FN,0.0,0.0,0.0,0.0,5
Liang_2019,conf_ils_high_10M,polyphest_p50,ploidy_diff.FP,0.0,0.0,0.0,0.0,5
Liang_2019,conf_ils_high_10M,polyphest_p50,ploidy_diff.TP,29.0,0.0,29.0,29.0,5
Liang_2019,conf_ils_high_10M,polyphest_p50,ploidy_diff.dist,0.0,0.0,0.0,0.0,5
Liang_2019,conf_ils_high_10M,polyphest_p50,ret_leaf_jaccard.FN,0.0,0.0,0.0,0.0,5
Liang_2019,conf_ils_high_10M,polyphest_p50,ret_leaf_jaccard.FP,0.0,0.0,0.0,0.0,5
Liang_2019,conf_ils_high_10M,polyphest_p50,ret_leaf_jaccard.TP,1.0,0.0,1.0,1.0,5
Liang_2019,conf_ils_high_10M,polyphest_p50,ret_leaf_jaccard.dist,0.0,0.0,0.0,0.0,5
Liang_2019,conf_ils_high_10M,polyphest_p50,ret_sisters_jaccard.FN,0.0738425925925926,0.052642319263448506,0.015046296296296295,0.1423611111111111,5
Liang_2019,conf_ils_high_10M,polyphest_p50,ret_sisters_jaccard.FP,0.08456679894179894,0.06043633549945813,0.024305555555555556,0.1636904761904762,5
Liang_2019,conf_ils_high_10M,polyphest_p50,ret_sisters_jaccard.TP,0.9107969576719576,0.06039632105232339,0.8293650793650794,0.970568783068783,5
Liang_2019,conf_ils_high_10M,polyphest_p50,ret_sisters_jaccard.dist,0.08920304232804233,0.06039632105232344,0.029431216931216937,0.1706349206349206,5
Liang_2019,conf_ils_high_10M,polyphest_p70,edit_distance,0.7484375,0.010186253758129147,0.7421875,0.765625,5
Liang_2019,conf_ils_high_10M,polyphest_p70,num_rets_diff,0.0,0.0,0.0,0.0,5
Liang_2019,conf_ils_high_10M,polyphest_p70,ploidy_diff.FN,0.0,0.0,0.0,0.0,5
Liang_2019,conf_ils_high_10M,polyphest_p70,ploidy_diff.FP,0.0,0.0,0.0,0.0,5
Liang_2019,conf_ils_high_10M,polyphest_p70,ploidy_diff.TP,29.0,0.0,29.0,29.0,5
Liang_2019,conf_ils_high_10M,polyphest_p70,ploidy_diff.dist,0.0,0.0,0.0,0.0,5
Liang_2019,conf_ils_high_10M,polyphest_p70,ret_leaf_jaccard.FN,0.0,0.0,0.0,0.0,5
Liang_2019,conf_ils_high_10M,polyphest_p70,ret_leaf_jaccard.FP,0.0,0.0,0.0,0.0,5
Liang_2019,conf_ils_high_10M,polyphest_p70,ret_leaf_jaccard.TP,1.0,0.0,1.0,1.0,5
Liang_2019,conf_ils_high_10M,polyphest_p70,ret_leaf_jaccard.dist,0.0,0.0,0.0,0.0,5
Liang_2019,conf_ils_high_10M,polyphest_p70,ret_sisters_jaccard.FN,0.05335648148148148,0.040642143159324046,0.013888888888888888,0.12152777777777778,5
Liang_2019,conf_ils_high_10M,polyphest_p70,ret_sisters_jaccard.FP,0.0789021164021164,0.047261567640516776,0.021296296296296296,0.1509589947089947,5
Liang_2019,conf_ils_high_10M,polyphest_p70,ret_sisters_jaccard.TP,0.9159556878306878,0.0522135298449321,0.8351521164021164,0.9775132275132276,5
Liang_2019,conf_ils_high_10M,polyphest_p70,ret_sisters_jaccard.dist,0.08404431216931217,0.05221352984493208,0.02248677248677249,0.16484788359788358,5
Liang_2019,conf_ils_high_10M,polyphest_p90,edit_distance,0.77265625,0.07444455780982247,0.71875,0.90234375,5
Liang_2019,conf_ils_high_10M,polyphest_p90,num_rets_diff,0.0,0.0,0.0,0.0,5
Liang_2019,conf_ils_high_10M,polyphest_p90,ploidy_diff.FN,0.0,0.0,0.0,0.0,5
Liang_2019,conf_ils_high_10M,polyphest_p90,ploidy_diff.FP,0.0,0.0,0.0,0.0,5
Liang_2019,conf_ils_high_10M,polyphest_p90,ploidy_diff.TP,29.0,0.0,29.0,29.0,5
Liang_2019,conf_ils_high_10M,polyphest_p90,ploidy_diff.dist,0.0,0.0,0.0,0.0,5
Liang_2019,conf_ils_high_10M,polyphest_p90,ret_leaf_jaccard.FN,0.0,0.0,0.0,0.0,5
Liang_2019,conf_ils_high_10M,polyphest_p90,ret_leaf_jaccard.FP,0.004166666666666667,0.009316949906249122,0.0,0.020833333333333332,5
Liang_2019,conf_ils_high_10M,polyphest_p90,ret_leaf_jaccard.TP,0.9958333333333332,0.00931694990624918,0.9791666666666666,1.0,5
Liang_2019,conf_ils_high_10M,polyphest_p90,ret_leaf_jaccard.dist,0.004166666666666667,0.009316949906249122,0.0,0.020833333333333332,5
Liang_2019,conf_ils_high_10M,polyphest_p90,ret_sisters_jaccard.FN,0.07569444444444444,0.05281031982862094,0.020833333333333332,0.14930555555555555,5
Liang_2019,conf_ils_high_10M,polyphest_p90,ret_sisters_jaccard.FP,0.09556878306878307,0.0523275811623535,0.04212962962962963,0.1716765873015873,5
Liang_2019,conf_ils_high_10M,polyphest_p90,ret_sisters_jaccard.TP,0.8962367724867726,0.05495162626907718,0.8172123015873016,0.9502314814814815,5
Liang_2019,conf_ils_high_10M,polyphest_p90,ret_sisters_jaccard.dist,0.1037632275132275,0.05495162626907717,0.049768518518518524,0.1827876984126984,5
Liu_2023,conf_ils_high_10M,grampa,edit_distance,0.9525925925925927,0.006625386599999393,0.9407407407407408,0.9555555555555556,5
Liu_2023,conf_ils_high_10M,grampa,num_rets_diff,5.0,0.0,5.0,5.0,5
Liu_2023,conf_ils_high_10M,grampa,ploidy_diff.FN,5.2,1.3038404810405297,3.0,6.0,5
Liu_2023,conf_ils_high_10M,grampa,ploidy_diff.FP,10.0,6.164414002968976,0.0,17.0,5
Liu_2023,conf_ils_high_10M,grampa,ploidy_diff.TP,2.8,1.3038404810405297,2.0,5.0,5
Liu_2023,conf_ils_high_10M,grampa,ploidy_diff.dist,0.8218421052631578,0.11743596121354645,0.625,0.8947368421052632,5
Liu_2023,conf_ils_high_10M,grampa,ret_leaf_jaccard.FN,0.9333333333333333,0.09128709291752764,0.8333333333333334,1.0,5
Liu_2023,conf_ils_high_10M,grampa,ret_leaf_jaccard.FP,0.15404040404040403,0.02422137132986222,0.1111111111111111,0.16666666666666666,5
Liu_2023,conf_ils_high_10M,grampa,ret_leaf_jaccard.TP,0.012626262626262586,0.024221371329862188,0.0,0.05555555555555547,5
Liu_2023,conf_ils_high_10M,grampa,ret_leaf_jaccard.dist,0.9873737373737373,0.024221371329862205,0.9444444444444445,1.0,5
Liu_2023,conf_ils_high_10M,grampa,ret_sisters_jaccard.FN,0.9326923076923077,0.015371254882412613,0.9166666666666666,0.9583333333333334,5
Liu_2023,conf_ils_high_10M,grampa,ret_sisters_jaccard.FP,0.09444444444444444,0.024845199749997653,0.08333333333333333,0.13888888888888887,5
Liu_2023,conf_ils_high_10M,grampa,ret_sisters_jaccard.TP,0.06314102564102571,0.02429351866876565,0.02083333333333337,0.08333333333333337,5
Liu_2023,conf_ils_high_10M,grampa,ret_sisters_jaccard.dist,0.9368589743589743,0.024293518668765664,0.9166666666666666,0.9791666666666666,5
Liu_2023,conf_ils_high_10M,mpsugar,edit_distance,1.1777777777777778,0.03353846347458301,1.1481481481481481,1.2296296296296296,5
Liu_2023,conf_ils_high_10M,mpsugar,num_rets_diff,5.6,0.547722557505166,5.0,6.0,5
Liu_2023,conf_ils_high_10M,mpsugar,ploidy_diff.FN,6.0,2.8284271247461903,2.0,8.0,5
Liu_2023,conf_ils_high_10M,mpsugar,ploidy_diff.FP,2.4,1.1401754250991378,1.0,4.0,5
Liu_2023,conf_ils_high_10M,mpsugar,ploidy_diff.TP,-0.4,3.5071355833500366,-4.0,5.0,5
Liu_2023,conf_ils_high_10M,mpsugar,ploidy_diff.dist,1.05,0.4383919479187546,0.375,1.5,5
Liu_2023,conf_ils_high_10M,mpsugar,ret_leaf_jaccard.FN,0.9333333333333333,0.09128709291752765,0.8333333333333334,1.0,5
Liu_2023,conf_ils_high_10M,mpsugar,ret_leaf_jaccard.FP,0.05277777777777778,0.07243558228002943,0.0,0.1388888888888889,5
Liu_2023,conf_ils_high_10M,mpsugar,ret_leaf_jaccard.TP,0.013888888888888885,0.01964185503295964,0.0,0.04166666666666663,5
Liu_2023,conf_ils_high_10M,mpsugar,ret_leaf_jaccard.dist,0.986111111111111,0.01964185503295965,0.9583333333333334,1.0,5
Liu_2023,conf_ils_high_10M,mpsugar,ret_sisters_jaccard.FN,0.998076923076923,0.004300130725961119,0.9903846153846154,1.0,5
Liu_2023,conf_ils_high_10M,mpsugar,ret_sisters_jaccard.FP,0.05,0.07453559924999298,0.0,0.16666666666666666,5
Liu_2023,conf_ils_high_10M,mpsugar,ret_sisters_jaccard.TP,0.0019230769230769162,0.004300130725961119,0.0,0.009615384615384581,5
Liu_2023,conf_ils_high_10M,mpsugar,ret_sisters_jaccard.dist,0.998076923076923,0.004300130725961119,0.9903846153846154,1.0,5
Liu_2023,conf_ils_high_10M,polyphest_p90,edit_distance,0.8592592592592592,0.037770514915502124,0.8148148148148148,0.9037037037037037,5
Liu_2023,conf_ils_high_10M,polyphest_p90,num_rets_diff,0.0,0.0,0.0,0.0,5
Liu_2023,conf_ils_high_10M,polyphest_p90,ploidy_diff.FN,0.0,0.0,0.0,0.0,5
Liu_2023,conf_ils_high_10M,polyphest_p90,ploidy_diff.FP,0.0,0.0,0.0,0.0,5
Liu_2023,conf_ils_high_10M,polyphest_p90,ploidy_diff.TP,8.0,0.0,8.0,8.0,5
Liu_2023,conf_ils_high_10M,polyphest_p90,ploidy_diff.dist,0.0,0.0,0.0,0.0,5
Liu_2023,conf_ils_high_10M,polyphest_p90,ret_leaf_jaccard.FN,0.0,0.0,0.0,0.0,5
Liu_2023,conf_ils_high_10M,polyphest_p90,ret_leaf_jaccard.FP,0.0,0.0,0.0,0.0,5
Liu_2023,conf_ils_high_10M,polyphest_p90,ret_leaf_jaccard.TP,1.0,0.0,1.0,1.0,5
Liu_2023,conf_ils_high_10M,polyphest_p90,ret_leaf_jaccard.dist,0.0,0.0,0.0,0.0,5
Liu_2023,conf_ils_high_10M,polyphest_p90,ret_sisters_jaccard.FN,0.24166666666666664,0.028800612990732964,0.2222222222222222,0.2916666666666667,5
Liu_2023,conf_ils_high_10M,polyphest_p90,ret_sisters_jaccard.FP,0.24722222222222223,0.02846375212766556,0.2222222222222222,0.2916666666666667,5
Liu_2023,conf_ils_high_10M,polyphest_p90,ret_sisters_jaccard.TP,0.7,0.023240556292613165,0.6666666666666667,0.7222222222222222,5
Liu_2023,conf_ils_high_10M,polyphest_p90,ret_sisters_jaccard.dist,0.3,0.023240556292613207,0.2777777777777778,0.3333333333333333,5
Marcussen_2011,conf_ils_high_10M,grampa,edit_distance,0.9338582677165354,0.01725110417339103,0.9212598425196851,0.952755905511811,5
Marcussen_2011,conf_ils_high_10M,grampa,num_rets_diff,4.0,0.0,4.0,4.0,5
Marcussen_2011,conf_ils_high_10M,grampa,ploidy_diff.FN,13.6,0.5477225575051662,13.0,14.0,5
Marcussen_2011,conf_ils_high_10M,grampa,ploidy_diff.FP,2.4,2.1908902300206643,0.0,4.0,5
Marcussen_2011,conf_ils_high_10M,grampa,ploidy_diff.TP,0.4,0.5477225575051661,0.0,1.0,5
Marcussen_2011,conf_ils_high_10M,grampa,ploidy_diff.dist,0.9714285714285715,0.039123039821797566,0.9285714285714286,1.0,5
Marcussen_2011,conf_ils_high_10M,grampa,ret_leaf_jaccard.FN,0.9199999999999999,0.1095445115010332,0.8,1.0,5
Marcussen_2011,conf_ils_high_10M,grampa,ret_leaf_jaccard.FP,0.12000000000000002,0.10954451150103323,0.0,0.2,5
Marcussen_2011,conf_ils_high_10M,grampa,ret_leaf_jaccard.TP,0.07999999999999999,0.1095445115010332,0.0,0.19999999999999996,5
Marcussen_2011,conf_ils_high_10M,grampa,ret_leaf_jaccard.dist,0.9199999999999999,0.1095445115010332,0.8,1.0,5
Marcussen_2011,conf_ils_high_10M,grampa,ret_sisters_jaccard.FN,0.89,0.08215838362577486,0.8,0.95,5
Marcussen_2011,conf_ils_high_10M,grampa,ret_sisters_jaccard.FP,0.093,0.0027386127875258333,0.09,0.095,5
Marcussen_2011,conf_ils_high_10M,grampa,ret_sisters_jaccard.TP,0.04700000000000006,0.057510868538042374,0.0050000000000001155,0.10999999999999999,5
Marcussen_2011,conf_ils_high_10M,grampa,ret_sisters_jaccard.dist,0.953,0.05751086853804238,0.89,0.9949999999999999,5
Marcussen_2011,conf_ils_high_10M,polyphest_p50,edit_distance,1.0047244094488188,0.04776614452945855,0.9606299212598425,1.0551181102362204,5
Marcussen_2011,conf_ils_high_10M,polyphest_p50,num_rets_diff,0.0,0.0,0.0,0.0,5
Marcussen_2011,conf_ils_high_10M,polyphest_p50,ploidy_diff.FN,0.0,0.0,0.0,0.0,5
Marcussen_2011,conf_ils_high_10M,polyphest_p50,ploidy_diff.FP,0.0,0.0,0.0,0.0,5
Marcussen_2011,conf_ils_high_10M,polyphest_p50,ploidy_diff.TP,14.0,0.0,14.0,14.0,5
Marcussen_2011,conf_ils_high_10M,polyphest_p50,ploidy_diff.dist,0.0,0.0,0.0,0.0,5
Marcussen_2011,conf_ils_high_10M,polyphest_p50,ret_leaf_jaccard.FN,0.0,0.0,0.0,0.0,5
Marcussen_2011,conf_ils_high_10M,polyphest_p50,ret_leaf_jaccard.FP,0.0,0.0,0.0,0.0,5
Marcussen_2011,conf_ils_high_10M,polyphest_p50,ret_leaf_jaccard.TP,1.0,0.0,1.0,1.0,5
Marcussen_2011,conf_ils_high_10M,polyphest_p50,ret_leaf_jaccard.dist,0.0,0.0,0.0,0.0,5
Marcussen_2011,conf_ils_high_10M,polyphest_p50,ret_sisters_jaccard.FN,0.015,0.03354101966249685,0.0,0.075,5
Marcussen_2011,conf_ils_high_10M,polyphest_p50,ret_sisters_jaccard.FP,0.01,0.0223606797749979,0.0,0.05,5
Marcussen_2011,conf_ils_high_10M,polyphest_p50,ret_sisters_jaccard.TP,0.985,0.03354101966249681,0.925,1.0,5
Marcussen_2011,conf_ils_high_10M,polyphest_p50,ret_sisters_jaccard.dist,0.015,0.03354101966249685,0.0,0.075,5
Marcussen_2011,conf_ils_high_10M,polyphest_p70,edit_distance,1.0078740157480315,0.036932407557664734,0.9763779527559056,1.0551181102362204,5
Marcussen_2011,conf_ils_high_10M,polyphest_p70,num_rets_diff,0.0,0.0,0.0,0.0,5
Marcussen_2011,conf_ils_high_10M,polyphest_p70,ploidy_diff.FN,0.0,0.0,0.0,0.0,5
Marcussen_2011,conf_ils_high_10M,polyphest_p70,ploidy_diff.FP,0.0,0.0,0.0,0.0,5
Marcussen_2011,conf_ils_high_10M,polyphest_p70,ploidy_diff.TP,14.0,0.0,14.0,14.0,5
Marcussen_2011,conf_ils_high_10M,polyphest_p70,ploidy_diff.dist,0.0,0.0,0.0,0.0,5
Marcussen_2011,conf_ils_high_10M,polyphest_p70,ret_leaf_jaccard.FN,0.0,0.0,0.0,0.0,5
Marcussen_2011,conf_ils_high_10M,polyphest_p70,ret_leaf_jaccard.FP,0.0,0.0,0.0,0.0,5
Marcussen_2011,conf_ils_high_10M,polyphest_p70,ret_leaf_jaccard.TP,1.0,0.0,1.0,1.0,5
Marcussen_2011,conf_ils_high_10M,polyphest_p70,ret_leaf_jaccard.dist,0.0,0.0,0.0,0.0,5
Marcussen_2011,conf_ils_high_10M,polyphest_p70,ret_sisters_jaccard.FN,0.015,0.03354101966249685,0.0,0.075,5
Marcussen_2011,conf_ils_high_10M,polyphest_p70,ret_sisters_jaccard.FP,0.01,0.0223606797749979,0.0,0.05,5
Marcussen_2011,conf_ils_high_10M,polyphest_p70,ret_sisters_jaccard.TP,0.985,0.03354101966249681,0.925,1.0,5
Marcussen_2011,conf_ils_high_10M,polyphest_p70,ret_sisters_jaccard.dist,0.015,0.03354101966249685,0.0,0.075,5
Marcussen_2011,conf_ils_high_10M,polyphest_p90,edit_distance,1.0141732283464566,0.04536963871145807,0.9606299212598425,1.0708661417322836,5
Marcussen_2011,conf_ils_high_10M,polyphest_p90,num_rets_diff,0.0,0.0,0.0,0.0,5
Marcussen_2011,conf_ils_high_10M,polyphest_p90,ploidy_diff.FN,0.0,0.0,0.0,0.0,5
Marcussen_2011,conf_ils_high_10M,polyphest_p90,ploidy_diff.FP,0.0,0.0,0.0,0.0,5
Marcussen_2011,conf_ils_high_10M,polyphest_p90,ploidy_diff.TP,14.0,0.0,14.0,14.0,5
Marcussen_2011,conf_ils_high_10M,polyphest_p90,ploidy_diff.dist,0.0,0.0,0.0,0.0,5
Marcussen_2011,conf_ils_high_10M,polyphest_p90,ret_leaf_jaccard.FN,0.0,0.0,0.0,0.0,5
Marcussen_2011,conf_ils_high_10M,polyphest_p90,ret_leaf_jaccard.FP,0.0,0.0,0.0,0.0,5
Marcussen_2011,conf_ils_high_10M,polyphest_p90,ret_leaf_jaccard.TP,1.0,0.0,1.0,1.0,5
Marcussen_2011,conf_ils_high_10M,polyphest_p90,ret_leaf_jaccard.dist,0.0,0.0,0.0,0.0,5
Marcussen_2011,conf_ils_high_10M,polyphest_p90,ret_sisters_jaccard.FN,0.015,0.03354101966249685,0.0,0.075,5
Marcussen_2011,conf_ils_high_10M,polyphest_p90,ret_sisters_jaccard.FP,0.01,0.0223606797749979,0.0,0.05,5
Marcussen_2011,conf_ils_high_10M,polyphest_p90,ret_sisters_jaccard.TP,0.985,0.03354101966249681,0.925,1.0,5
Marcussen_2011,conf_ils_high_10M,polyphest_p90,ret_sisters_jaccard.dist,0.015,0.03354101966249685,0.0,0.075,5
Marcussen_2012,conf_ils_high_10M,grampa,edit_distance,0.945631067961165,0.005317694733059864,0.941747572815534,0.9514563106796117,5
Marcussen_2012,conf_ils_high_10M,grampa,num_rets_diff,9.0,0.0,9.0,9.0,5
Marcussen_2012,conf_ils_high_10M,grampa,ploidy_diff.FN,68.0,0.0,68.0,68.0,5
Marcussen_2012,conf_ils_high_10M,grampa,ploidy_diff.FP,1.0,0.0,1.0,1.0,5
Marcussen_2012,conf_ils_high_10M,grampa,ploidy_diff.TP,-2.0,0.0,-2.0,-2.0,5
Marcussen_2012,conf_ils_high_10M,grampa,ploidy_diff.dist,1.0298507462686568,0.0,1.0298507462686568,1.0298507462686568,5
Marcussen_2012,conf_ils_high_10M,grampa,ret_leaf_jaccard.FN,1.0,0.0,1.0,1.0,5
Marcussen_2012,conf_ils_high_10M,grampa,ret_leaf_jaccard.FP,0.0,0.0,0.0,0.0,5
Marcussen_2012,conf_ils_high_10M,grampa,ret_leaf_jaccard.TP,0.0,0.0,0.0,0.0,5
Marcussen_2012,conf_ils_high_10M,grampa,ret_leaf_jaccard.dist,1.0,0.0,1.0,1.0,5
Marcussen_2012,conf_ils_high_10M,grampa,ret_sisters_jaccard.FN,1.0,0.0,1.0,1.0,5
Marcussen_2012,conf_ils_high_10M,grampa,ret_sisters_jaccard.FP,0.0,0.0,0.0,0.0,5
Marcussen_2012,conf_ils_high_10M,grampa,ret_sisters_jaccard.TP,0.0,0.0,0.0,0.0,5
Marcussen_2012,conf_ils_high_10M,grampa,ret_sisters_jaccard.dist,1.0,0.0,1.0,1.0,5
Marcussen_2015,conf_ils_high_10M,grampa,edit_distance,0.9736842105263157,0.009304036594559832,0.9605263157894737,0.9868421052631579,5
Marcussen_2015,conf_ils_high_10M,grampa,num_rets_diff,13.0,0.0,13.0,13.0,5
Marcussen_2015,conf_ils_high_10M,grampa,ploidy_diff.FN,33.0,0.0,33.0,33.0,5
Marcussen_2015,conf_ils_high_10M,grampa,ploidy_diff.FP,0.0,0.0,0.0,0.0,5
Marcussen_2015,conf_ils_high_10M,grampa,ploidy_diff.TP,1.0,0.0,1.0,1.0,5
Marcussen_2015,conf_ils_high_10M,grampa,ploidy_diff.dist,0.9705882352941175,0.0,0.9705882352941176,0.9705882352941176,5
Marcussen_2015,conf_ils_high_10M,grampa,ret_leaf_jaccard.FN,0.9285714285714286,0.0,0.9285714285714286,0.9285714285714286,5
Marcussen_2015,conf_ils_high_10M,grampa,ret_leaf_jaccard.FP,0.0,0.0,0.0,0.0,5
Marcussen_2015,conf_ils_high_10M,grampa,ret_leaf_jaccard.TP,0.0714285714285714,0.0,0.0714285714285714,0.0714285714285714,5
Marcussen_2015,conf_ils_high_10M,grampa,ret_leaf_jaccard.dist,0.9285714285714286,0.0,0.9285714285714286,0.9285714285714286,5
Marcussen_2015,conf_ils_high_10M,grampa,ret_sisters_jaccard.FN,0.9694727891156463,0.015602640881312085,0.9523809523809524,0.9808673469387755,5
Marcussen_2015,conf_ils_high_10M,grampa,ret_sisters_jaccard.FP,0.0,0.0,0.0,0.0,5
Marcussen_2015,conf_ils_high_10M,grampa,ret_sisters_jaccard.TP,0.030527210884353707,0.01560264088131211,0.01913265306122447,0.04761904761904756,5
Marcussen_2015,conf_ils_high_10M,grampa,ret_sisters_jaccard.dist,0.9694727891156463,0.015602640881312085,0.9523809523809524,0.9808673469387755,5
Popp_2005,conf_ils_high_10M,grampa,edit_distance,0.8491803278688526,0.04972377340361674,0.8032786885245902,0.9344262295081968,5
Popp_2005,conf_ils_high_10M,grampa,num_rets_diff,0.0,0.0,0.0,0.0,5
Popp_2005,conf_ils_high_10M,grampa,ploidy_diff.FN,2.6,0.8944271909999159,1.0,3.0,5
Popp_2005,conf_ils_high_10M,grampa,ploidy_diff.FP,0.8,1.788854381999832,0.0,4.0,5
Popp_2005,conf_ils_high_10M,grampa,ploidy_diff.TP,1.4,0.8944271909999159,1.0,3.0,5
Popp_2005,conf_ils_high_10M,grampa,ploidy_diff.dist,0.725,0.055901699437494734,0.625,0.75,5
Popp_2005,conf_ils_high_10M,grampa,ret_leaf_jaccard.FN,0.0,0.0,0.0,0.0,5
Popp_2005,conf_ils_high_10M,grampa,ret_leaf_jaccard.FP,0.17142857142857143,0.3833259389999639,0.0,0.8571428571428571,5
Popp_2005,conf_ils_high_10M,grampa,ret_leaf_jaccard.TP,0.8285714285714285,0.383325938999964,0.1428571428571428,1.0,5
Popp_2005,conf_ils_high_10M,grampa,ret_leaf_jaccard.dist,0.17142857142857143,0.383325938999964,0.0,0.8571428571428572,5
Popp_2005,conf_ils_high_10M,grampa,ret_sisters_jaccard.FN,0.39999999999999997,0.14907119849998596,0.3333333333333333,0.6666666666666666,5
Popp_2005,conf_ils_high_10M,grampa,ret_sisters_jaccard.FP,0.06666666666666667,0.14907119849998596,0.0,0.3333333333333333,5
Popp_2005,conf_ils_high_10M,grampa,ret_sisters_jaccard.TP,0.6000000000000001,0.14907119849998599,0.33333333333333337,0.6666666666666667,5
Popp_2005,conf_ils_high_10M,grampa,ret_sisters_jaccard.dist,0.39999999999999997,0.14907119849998596,0.3333333333333333,0.6666666666666666,5
Popp_2005,conf_ils_high_10M,polyphest_p50,edit_distance,0.9180327868852458,0.0,0.9180327868852459,0.9180327868852459,5
Popp_2005,conf_ils_high_10M,polyphest_p50,num_rets_diff,0.0,0.0,0.0,0.0,5
Popp_2005,conf_ils_high_10M,polyphest_p50,ploidy_diff.FN,0.0,0.0,0.0,0.0,5
Popp_2005,conf_ils_high_10M,polyphest_p50,ploidy_diff.FP,0.0,0.0,0.0,0.0,5
Popp_2005,conf_ils_high_10M,polyphest_p50,ploidy_diff.TP,4.0,0.0,4.0,4.0,5
Popp_2005,conf_ils_high_10M,polyphest_p50,ploidy_diff.dist,0.0,0.0,0.0,0.0,5
Popp_2005,conf_ils_high_10M,polyphest_p50,ret_leaf_jaccard.FN,0.0,0.0,0.0,0.0,5
Popp_2005,conf_ils_high_10M,polyphest_p50,ret_leaf_jaccard.FP,0.0,0.0,0.0,0.0,5
Popp_2005,conf_ils_high_10M,polyphest_p50,ret_leaf_jaccard.TP,1.0,0.0,1.0,1.0,5
Popp_2005,conf_ils_high_10M,polyphest_p50,ret_leaf_jaccard.dist,0.0,0.0,0.0,0.0,5
Popp_2005,conf_ils_high_10M,polyphest_p50,ret_sisters_jaccard.FN,0.0,0.0,0.0,0.0,5
Popp_2005,conf_ils_high_10M,polyphest_p50,ret_sisters_jaccard.FP,0.0,0.0,0.0,0.0,5
Popp_2005,conf_ils_high_10M,polyphest_p50,ret_sisters_jaccard.TP,1.0,0.0,1.0,1.0,5
Popp_2005,conf_ils_high_10M,polyphest_p50,ret_sisters_jaccard.dist,0.0,0.0,0.0,0.0,5
Popp_2005,conf_ils_high_10M,polyphest_p70,edit_distance,0.898360655737705,0.017958116639513667,0.8852459016393442,0.9180327868852459,5
Popp_2005,conf_ils_high_10M,polyphest_p70,num_rets_diff,0.0,0.0,0.0,0.0,5
Popp_2005,conf_ils_high_10M,polyphest_p70,ploidy_diff.FN,0.0,0.0,0.0,0.0,5
Popp_2005,conf_ils_high_10M,polyphest_p70,ploidy_diff.FP,0.0,0.0,0.0,0.0,5
Popp_2005,conf_ils_high_10M,polyphest_p70,ploidy_diff.TP,4.0,0.0,4.0,4.0,5
Popp_2005,conf_ils_high_10M,polyphest_p70,ploidy_diff.dist,0.0,0.0,0.0,0.0,5
Popp_2005,conf_ils_high_10M,polyphest_p70,ret_leaf_jaccard.FN,0.0,0.0,0.0,0.0,5
Popp_2005,conf_ils_high_10M,polyphest_p70,ret_leaf_jaccard.FP,0.0,0.0,0.0,0.0,5
Popp_2005,conf_ils_high_10M,polyphest_p70,ret_leaf_jaccard.TP,1.0,0.0,1.0,1.0,5
Popp_2005,conf_ils_high_10M,polyphest_p70,ret_leaf_jaccard.dist,0.0,0.0,0.0,0.0,5
Popp_2005,conf_ils_high_10M,polyphest_p70,ret_sisters_jaccard.FN,0.0,0.0,0.0,0.0,5
Popp_2005,conf_ils_high_10M,polyphest_p70,ret_sisters_jaccard.FP,0.1,0.09128709291752768,0.0,0.16666666666666666,5
Popp_2005,conf_ils_high_10M,polyphest_p70,ret_sisters_jaccard.TP,0.9,0.09128709291752768,0.8333333333333334,1.0,5
Popp_2005,conf_ils_high_10M,polyphest_p70,ret_sisters_jaccard.dist,0.1,0.09128709291752768,0.0,0.16666666666666666,5
Popp_2005,conf_ils_high_10M,polyphest_p90,edit_distance,0.934375,0.017116329922036436,0.921875,0.953125,5
Popp_2005,conf_ils_high_10M,polyphest_p90,num_rets_diff,1.0,0.0,1.0,1.0,5
Popp_2005,conf_ils_high_10M,polyphest_p90,ploidy_diff.FN,0.0,0.0,0.0,0.0,5
Popp_2005,conf_ils_high_10M,polyphest_p90,ploidy_diff.FP,0.0,0.0,0.0,0.0,5
Popp_2005,conf_ils_high_10M,polyphest_p90,ploidy_diff.TP,4.0,0.0,4.0,4.0,5
Popp_2005,conf_ils_high_10M,polyphest_p90,ploidy_diff.dist,0.0,0.0,0.0,0.0,5
Popp_2005,conf_ils_high_10M,polyphest_p90,ret_leaf_jaccard.FN,0.0,0.0,0.0,0.0,5
Popp_2005,conf_ils_high_10M,polyphest_p90,ret_leaf_jaccard.FP,0.5,0.0,0.5,0.5,5
Popp_2005,conf_ils_high_10M,polyphest_p90,ret_leaf_jaccard.TP,0.5,0.0,0.5,0.5,5
Popp_2005,conf_ils_high_10M,polyphest_p90,ret_leaf_jaccard.dist,0.5,0.0,0.5,0.5,5
Popp_2005,conf_ils_high_10M,polyphest_p90,ret_sisters_jaccard.FN,0.0,0.0,0.0,0.0,5
Popp_2005,conf_ils_high_10M,polyphest_p90,ret_sisters_jaccard.FP,0.5833333333333334,0.0,0.5833333333333334,0.5833333333333334,5
Popp_2005,conf_ils_high_10M,polyphest_p90,ret_sisters_jaccard.TP,0.41666666666666663,0.0,0.41666666666666663,0.41666666666666663,5
Popp_2005,conf_ils_high_10M,polyphest_p90,ret_sisters_jaccard.dist,0.5833333333333334,0.0,0.5833333333333334,0.5833333333333334,5
Ren_2024,conf_ils_high_10M,grampa,edit_distance,0.8878048780487806,0.036989636312446623,0.8292682926829268,0.926829268292683,5
Ren_2024,conf_ils_high_10M,grampa,num_rets_diff,2.0,0.0,2.0,2.0,5
Ren_2024,conf_ils_high_10M,grampa,ploidy_diff.FN,13.0,2.2360679774997894,9.0,14.0,5
Ren_2024,conf_ils_high_10M,grampa,ploidy_diff.FP,0.2,0.447213595499958,0.0,1.0,5
Ren_2024,conf_ils_high_10M,grampa,ploidy_diff.TP,2.0,2.2360679774997894,1.0,6.0,5
Ren_2024,conf_ils_high_10M,grampa,ploidy_diff.dist,0.8716666666666667,0.137890858612487,0.625,0.9333333333333333,5
Ren_2024,conf_ils_high_10M,grampa,ret_leaf_jaccard.FN,0.6666666666666666,0.0,0.6666666666666666,0.6666666666666666,5
Ren_2024,conf_ils_high_10M,grampa,ret_leaf_jaccard.FP,0.009523809523809523,0.021295885499997995,0.0,0.047619047619047616,5
Ren_2024,conf_ils_high_10M,grampa,ret_leaf_jaccard.TP,0.3238095238095238,0.021295885499998016,0.2857142857142857,0.33333333333333337,5
Ren_2024,conf_ils_high_10M,grampa,ret_leaf_jaccard.dist,0.6761904761904762,0.02129588549999804,0.6666666666666666,0.7142857142857143,5
Ren_2024,conf_ils_high_10M,grampa,ret_sisters_jaccard.FN,0.6888888888888889,0.049690399499995354,0.6666666666666666,0.7777777777777778,5
Ren_2024,conf_ils_high_10M,grampa,ret_sisters_jaccard.FP,0.017094017094017096,0.03822338423076564,0.0,0.08547008547008549,5
Ren_2024,conf_ils_high_10M,grampa,ret_sisters_jaccard.TP,0.294017094017094,0.087913783730761,0.1367521367521367,0.33333333333333337,5
Ren_2024,conf_ils_high_10M,grampa,ret_sisters_jaccard.dist,0.7059829059829059,0.08791378373076102,0.6666666666666666,0.8632478632478633,5
Ren_2024,conf_ils_high_10M,polyphest_p50,edit_distance,0.96,0.02788866755113583,0.9166666666666666,0.9833333333333333,5
Ren_2024,conf_ils_high_10M,polyphest_p50,num_rets_diff,4.0,0.0,4.0,4.0,5
Ren_2024,conf_ils_high_10M,polyphest_p50,ploidy_diff.FN,0.0,0.0,0.0,0.0,5
Ren_2024,conf_ils_high_10M,polyphest_p50,ploidy_diff.FP,0.0,0.0,0.0,0.0,5
Ren_2024,conf_ils_high_10M,polyphest_p50,ploidy_diff.TP,15.0,0.0,15.0,15.0,5
Ren_2024,conf_ils_high_10M,polyphest_p50,ploidy_diff.dist,0.0,0.0,0.0,0.0,5
Ren_2024,conf_ils_high_10M,polyphest_p50,ret_leaf_jaccard.FN,0.11904761904761904,0.0,0.11904761904761905,0.11904761904761905,5
Ren_2024,conf_ils_high_10M,polyphest_p50,ret_leaf_jaccard.FP,0.5714285714285714,0.0,0.5714285714285714,0.5714285714285714,5
Ren_2024,conf_ils_high_10M,polyphest_p50,ret_leaf_jaccard.TP,0.30952380952380953,0.0,0.30952380952380953,0.30952380952380953,5
Ren_2024,conf_ils_high_10M,polyphest_p50,ret_leaf_jaccard.dist,0.6904761904761905,0.0,0.6904761904761905,0.6904761904761905,5
Ren_2024,conf_ils_high_10M,polyphest_p50,ret_sisters_jaccard.FN,0.09523809523809523,0.023809523809523815,0.07142857142857142,0.11904761904761905,5
Ren_2024,conf_ils_high_10M,polyphest_p50,ret_sisters_jaccard.FP,0.7519841269841269,0.02173502212322086,0.7222222222222222,0.7738095238095237,5
Ren_2024,conf_ils_high_10M,polyphest_p50,ret_sisters_jaccard.TP,0.2454761904761905,0.021957751641341974,0.2238095238095238,0.2738095238095237,5
Ren_2024,conf_ils_high_10M,polyphest_p50,ret_sisters_jaccard.dist,0.7545238095238095,0.021957751641341994,0.7261904761904763,0.7761904761904762,5
Ren_2024,conf_ils_high_10M,polyphest_p70,edit_distance,0.9533333333333334,0.027386127875258317,0.9166666666666666,0.9833333333333333,5
Ren_2024,conf_ils_high_10M,polyphest_p70,num_rets_diff,4.0,0.0,4.0,4.0,5
Ren_2024,conf_ils_high_10M,polyphest_p70,ploidy_diff.FN,0.0,0.0,0.0,0.0,5
Ren_2024,conf_ils_high_10M,polyphest_p70,ploidy_diff.FP,0.0,0.0,0.0,0.0,5
Ren_2024,conf_ils_high_10M,polyphest_p70,ploidy_diff.TP,15.0,0.0,15.0,15.0,5
Ren_2024,conf_ils_high_10M,polyphest_p70,ploidy_diff.dist,0.0,0.0,0.0,0.0,5
Ren_2024,conf_ils_high_10M,polyphest_p70,ret_leaf_jaccard.FN,0.11904761904761904,0.0,0.11904761904761905,0.11904761904761905,5
Ren_2024,conf_ils_high_10M,polyphest_p70,ret_leaf_jaccard.FP,0.5714285714285714,0.0,0.5714285714285714,0.5714285714285714,5
Ren_2024,conf_ils_high_10M,polyphest_p70,ret_leaf_jaccard.TP,0.30952380952380953,0.0,0.30952380952380953,0.30952380952380953,5
Ren_2024,conf_ils_high_10M,polyphest_p70,ret_leaf_jaccard.dist,0.6904761904761905,0.0,0.6904761904761905,0.6904761904761905,5
Ren_2024,conf_ils_high_10M,polyphest_p70,ret_sisters_jaccard.FN,0.11428571428571428,0.010647942749999006,0.09523809523809523,0.11904761904761905,5
Ren_2024,conf_ils_high_10M,polyphest_p70,ret_sisters_jaccard.FP,0.7658730158730158,0.015623031496055175,0.738095238095238,0.7738095238095237,5
Ren_2024,conf_ils_high_10M,polyphest_p70,ret_sisters_jaccard.TP,0.23190476190476192,0.016802170251787985,0.2238095238095238,0.261904761904762,5
Ren_2024,conf_ils_high_10M,polyphest_p70,ret_sisters_jaccard.dist,0.768095238095238,0.01680217025178798,0.738095238095238,0.7761904761904762,5
Ren_2024,conf_ils_high_10M,polyphest_p90,edit_distance,0.9632492997198879,0.02168802667698545,0.9333333333333333,0.9833333333333333,5
Ren_2024,conf_ils_high_10M,polyphest_p90,num_rets_diff,4.4,0.5477225575051662,4.0,5.0,5
Ren_2024,conf_ils_high_10M,polyphest_p90,ploidy_diff.FN,0.0,0.0,0.0,0.0,5
Ren_2024,conf_ils_high_10M,polyphest_p90,ploidy_diff.FP,0.0,0.0,0.0,0.0,5
Ren_2024,conf_ils_high_10M,polyphest_p90,ploidy_diff.TP,15.0,0.0,15.0,15.0,5
Ren_2024,conf_ils_high_10M,polyphest_p90,ploidy_diff.dist,0.0,0.0,0.0,0.0,5
Ren_2024,conf_ils_high_10M,polyphest_p90,ret_leaf_jaccard.FN,0.10476190476190476,0.019561519910898797,0.08333333333333333,0.11904761904761905,5
Ren_2024,conf_ils_high_10M,polyphest_p90,ret_leaf_jaccard.FP,0.5928571428571429,0.029342279866348204,0.5714285714285714,0.625,5
Ren_2024,conf_ils_high_10M,polyphest_p90,ret_leaf_jaccard.TP,0.30238095238095236,0.009780759955449423,0.29166666666666663,0.30952380952380953,5
Ren_2024,conf_ils_high_10M,polyphest_p90,ret_leaf_jaccard.dist,0.6976190476190476,0.009780759955449428,0.6904761904761905,0.7083333333333334,5
Ren_2024,conf_ils_high_10M,polyphest_p90,ret_sisters_jaccard.FN,0.10892857142857144,0.01569217419817151,0.08333333333333333,0.11904761904761905,5
Ren_2024,conf_ils_high_10M,polyphest_p90,ret_sisters_jaccard.FP,0.7651190476190475,0.011990760804519492,0.75,0.7738095238095237,5
Ren_2024,conf_ils_high_10M,polyphest_p90,ret_sisters_jaccard.TP,0.21539682539682534,0.011561349770506879,0.20138888888888884,0.2238095238095238,5
Ren_2024,conf_ils_high_10M,polyphest_p90,ret_sisters_jaccard.dist,0.7846031746031746,0.011561349770506891,0.7761904761904762,0.7986111111111112,5
Sessa_2012b,conf_ils_high_10M,grampa,edit_distance,0.9280757097791797,0.013082928298629478,0.917981072555205,0.9495268138801262,5
Sessa_2012b,conf_ils_high_10M,grampa,num_rets_diff,16.0,0.0,16.0,16.0,5
Sessa_2012b,conf_ils_high_10M,grampa,ploidy_diff.FN,26.0,0.0,26.0,26.0,5
Sessa_2012b,conf_ils_high_10M,grampa,ploidy_diff.FP,1.0,0.0,1.0,1.0,5
Sessa_2012b,conf_ils_high_10M,grampa,ploidy_diff.TP,-2.0,0.0,-2.0,-2.0,5
Sessa_2012b,conf_ils_high_10M,grampa,ploidy_diff.dist,1.08,0.0,1.08,1.08,5
Sessa_2012b,conf_ils_high_10M,grampa,ret_leaf_jaccard.FN,1.0,0.0,1.0,1.0,5
Sessa_2012b,conf_ils_high_10M,grampa,ret_leaf_jaccard.FP,0.0,0.0,0.0,0.0,5
Sessa_2012b,conf_ils_high_10M,grampa,ret_leaf_jaccard.TP,0.0,0.0,0.0,0.0,5
Sessa_2012b,conf_ils_high_10M,grampa,ret_leaf_jaccard.dist,1.0,0.0,1.0,1.0,5
Sessa_2012b,conf_ils_high_10M,grampa,ret_sisters_jaccard.FN,1.0,0.0,1.0,1.0,5
Sessa_2012b,conf_ils_high_10M,grampa,ret_sisters_jaccard.FP,0.0,0.0,0.0,0.0,5
Sessa_2012b,conf_ils_high_10M,grampa,ret_sisters_jaccard.TP,0.0,0.0,0.0,0.0,5
Sessa_2012b,conf_ils_high_10M,grampa,ret_sisters_jaccard.dist,1.0,0.0,1.0,1.0,5
Sessa_2012b,conf_ils_high_10M,polyphest_p90,edit_distance,0.9417152996845426,0.018720352671776234,0.9148264984227129,0.965625,5
Sessa_2012b,conf_ils_high_10M,polyphest_p90,num_rets_diff,0.0,0.0,0.0,0.0,5
Sessa_2012b,conf_ils_high_10M,polyphest_p90,ploidy_diff.FN,0.0,0.0,0.0,0.0,5
Sessa_2012b,conf_ils_high_10M,polyphest_p90,ploidy_diff.FP,0.0,0.0,0.0,0.0,5
Sessa_2012b,conf_ils_high_10M,polyphest_p90,ploidy_diff.TP,25.0,0.0,25.0,25.0,5
Sessa_2012b,conf_ils_high_10M,polyphest_p90,ploidy_diff.dist,0.0,0.0,0.0,0.0,5
Sessa_2012b,conf_ils_high_10M,polyphest_p90,ret_leaf_jaccard.FN,0.025,0.013975424859373685,0.0,0.03125,5
Sessa_2012b,conf_ils_high_10M,polyphest_p90,ret_leaf_jaccard.FP,0.0,0.0,0.0,0.0,5
Sessa_2012b,conf_ils_high_10M,polyphest_p90,ret_leaf_jaccard.TP,0.975,0.013975424859373692,0.96875,1.0,5
Sessa_2012b,conf_ils_high_10M,polyphest_p90,ret_leaf_jaccard.dist,0.025,0.013975424859373685,0.0,0.03125,5
Sessa_2012b,conf_ils_high_10M,polyphest_p90,ret_sisters_jaccard.FN,0.08333333333333333,0.038273277230987154,0.041666666666666664,0.13541666666666666,5
Sessa_2012b,conf_ils_high_10M,polyphest_p90,ret_sisters_jaccard.FP,0.0954861111111111,0.03775792217175615,0.05208333333333333,0.14930555555555555,5
Sessa_2012b,conf_ils_high_10M,polyphest_p90,ret_sisters_jaccard.TP,0.8861111111111111,0.040832764959668734,0.8263888888888888,0.9270833333333334,5
Sessa_2012b,conf_ils_high_10M,polyphest_p90,ret_sisters_jaccard.dist,0.11388888888888889,0.04083276495966865,0.07291666666666666,0.17361111111111113,5
Shahrestani_2015,conf_ils_high_10M,grampa,edit_distance,0.9259259259259259,0.09072184232530286,0.7777777777777778,1.0,5
Shahrestani_2015,conf_ils_high_10M,grampa,num_rets_diff,1.0,0.0,1.0,1.0,5
Shahrestani_2015,conf_ils_high_10M,grampa,ploidy_diff.FN,1.0,0.0,1.0,1.0,5
Shahrestani_2015,conf_ils_high_10M,grampa,ploidy_diff.FP,0.4,0.5477225575051662,0.0,1.0,5
Shahrestani_2015,conf_ils_high_10M,grampa,ploidy_diff.TP,1.0,0.0,1.0,1.0,5
Shahrestani_2015,conf_ils_high_10M,grampa,ploidy_diff.dist,0.5666666666666667,0.0912870929175277,0.5,0.6666666666666667,5
Shahrestani_2015,conf_ils_high_10M,grampa,ret_leaf_jaccard.FN,0.5,0.0,0.5,0.5,5
Shahrestani_2015,conf_ils_high_10M,grampa,ret_leaf_jaccard.FP,0.1,0.13693063937629155,0.0,0.25,5
Shahrestani_2015,conf_ils_high_10M,grampa,ret_leaf_jaccard.TP,0.4,0.13693063937629155,0.25,0.5,5
Shahrestani_2015,conf_ils_high_10M,grampa,ret_leaf_jaccard.dist,0.6,0.13693063937629152,0.5,0.75,5
Shahrestani_2015,conf_ils_high_10M,grampa,ret_sisters_jaccard.FN,0.65,0.13693063937629152,0.5,0.75,5
Shahrestani_2015,conf_ils_high_10M,grampa,ret_sisters_jaccard.FP,0.19,0.08215838362577492,0.1,0.25,5
Shahrestani_2015,conf_ils_high_10M,grampa,ret_sisters_jaccard.TP,0.31,0.08215838362577493,0.25,0.4,5
Shahrestani_2015,conf_ils_high_10M,grampa,ret_sisters_jaccard.dist,0.6900000000000001,0.0821583836257749,0.6,0.75,5
Shahrestani_2015,conf_ils_high_10M,mpsugar,edit_distance,1.2758620689655173,0.039817259944112095,1.2413793103448276,1.3103448275862069,4
Shahrestani_2015,conf_ils_high_10M,mpsugar,num_rets_diff,2.0,0.0,2.0,2.0,4
Shahrestani_2015,conf_ils_high_10M,mpsugar,ploidy_diff.FN,2.0,0.0,2.0,2.0,4
Shahrestani_2015,conf_ils_high_10M,mpsugar,ploidy_diff.FP,2.0,0.0,2.0,2.0,4
Shahrestani_2015,conf_ils_high_10M,mpsugar,ploidy_diff.TP,-2.0,0.0,-2.0,-2.0,4
Shahrestani_2015,conf_ils_high_10M,mpsugar,ploidy_diff.dist,2.0,0.0,2.0,2.0,4
Shahrestani_2015,conf_ils_high_10M,mpsugar,ret_leaf_jaccard.FN,1.0,0.0,1.0,1.0,4
Shahrestani_2015,conf_ils_high_10M,mpsugar,ret_leaf_jaccard.FP,0.0,0.0,0.0,0.0,4
Shahrestani_2015,conf_ils_high_10M,mpsugar,ret_leaf_jaccard.TP,0.0,0.0,0.0,0.0,4
Shahrestani_2015,conf_ils_high_10M,mpsugar,ret_leaf_jaccard.dist,1.0,0.0,1.0,1.0,4
Shahrestani_2015,conf_ils_high_10M,mpsugar,ret_sisters_jaccard.FN,1.0,0.0,1.0,1.0,4
Shahrestani_2015,conf_ils_high_10M,mpsugar,ret_sisters_jaccard.FP,0.0,0.0,0.0,0.0,4
Shahrestani_2015,conf_ils_high_10M,mpsugar,ret_sisters_jaccard.TP,0.0,0.0,0.0,0.0,4
Shahrestani_2015,conf_ils_high_10M,mpsugar,ret_sisters_jaccard.dist,1.0,0.0,1.0,1.0,4
Shahrestani_2015,conf_ils_high_10M,polyphest_p50,edit_distance,0.8,0.12171612389003694,0.5925925925925926,0.8888888888888888,5
Shahrestani_2015,conf_ils_high_10M,polyphest_p50,num_rets_diff,0.0,0.0,0.0,0.0,5
Shahrestani_2015,conf_ils_high_10M,polyphest_p50,ploidy_diff.FN,0.0,0.0,0.0,0.0,5
Shahrestani_2015,conf_ils_high_10M,polyphest_p50,ploidy_diff.FP,0.0,0.0,0.0,0.0,5
Shahrestani_2015,conf_ils_high_10M,polyphest_p50,ploidy_diff.TP,2.0,0.0,2.0,2.0,5
Shahrestani_2015,conf_ils_high_10M,polyphest_p50,ploidy_diff.dist,0.0,0.0,0.0,0.0,5
Shahrestani_2015,conf_ils_high_10M,polyphest_p50,ret_leaf_jaccard.FN,0.0,0.0,0.0,0.0,5
Shahrestani_2015,conf_ils_high_10M,polyphest_p50,ret_leaf_jaccard.FP,0.0,0.0,0.0,0.0,5
Shahrestani_2015,conf_ils_high_10M,polyphest_p50,ret_leaf_jaccard.TP,1.0,0.0,1.0,1.0,5
Shahrestani_2015,conf_ils_high_10M,polyphest_p50,ret_leaf_jaccard.dist,0.0,0.0,0.0,0.0,5
Shahrestani_2015,conf_ils_high_10M,polyphest_p50,ret_sisters_jaccard.FN,0.0,0.0,0.0,0.0,5
Shahrestani_2015,conf_ils_high_10M,polyphest_p50,ret_sisters_jaccard.FP,0.2,0.11180339887498948,0.0,0.25,5
Shahrestani_2015,conf_ils_high_10M,polyphest_p50,ret_sisters_jaccard.TP,0.8,0.11180339887498947,0.75,1.0,5
Shahrestani_2015,conf_ils_high_10M,polyphest_p50,ret_sisters_jaccard.dist,0.2,0.11180339887498948,0.0,0.25,5
Shahrestani_2015,conf_ils_high_10M,polyphest_p70,edit_distance,0.5925925925925926,0.0,0.5925925925925926,0.5925925925925926,5
Shahrestani_2015,conf_ils_high_10M,polyphest_p70,num_rets_diff,0.0,0.0,0.0,0.0,5
Shahrestani_2015,conf_ils_high_10M,polyphest_p70,ploidy_diff.FN,0.0,0.0,0.0,0.0,5
Shahrestani_2015,conf_ils_high_10M,polyphest_p70,ploidy_diff.FP,0.0,0.0,0.0,0.0,5
Shahrestani_2015,conf_ils_high_10M,polyphest_p70,ploidy_diff.TP,2.0,0.0,2.0,2.0,5
Shahrestani_2015,conf_ils_high_10M,polyphest_p70,ploidy_diff.dist,0.0,0.0,0.0,0.0,5
Shahrestani_2015,conf_ils_high_10M,polyphest_p70,ret_leaf_jaccard.FN,0.0,0.0,0.0,0.0,5
Shahrestani_2015,conf_ils_high_10M,polyphest_p70,ret_leaf_jaccard.FP,0.0,0.0,0.0,0.0,5
Shahrestani_2015,conf_ils_high_10M,polyphest_p70,ret_leaf_jaccard.TP,1.0,0.0,1.0,1.0,5
Shahrestani_2015,conf_ils_high_10M,polyphest_p70,ret_leaf_jaccard.dist,0.0,0.0,0.0,0.0,5
Shahrestani_2015,conf_ils_high_10M,polyphest_p70,ret_sisters_jaccard.FN,0.0,0.0,0.0,0.0,5
Shahrestani_2015,conf_ils_high_10M,polyphest_p70,ret_sisters_jaccard.FP,0.0,0.0,0.0,0.0,5
Shahrestani_2015,conf_ils_high_10M,polyphest_p70,ret_sisters_jaccard.TP,1.0,0.0,1.0,1.0,5
Shahrestani_2015,conf_ils_high_10M,polyphest_p70,ret_sisters_jaccard.dist,0.0,0.0,0.0,0.0,5
Shahrestani_2015,conf_ils_high_10M,polyphest_p90,edit_distance,0.6814814814814815,0.12171612389003691,0.5925925925925926,0.8148148148148148,5
Shahrestani_2015,conf_ils_high_10M,polyphest_p90,num_rets_diff,0.0,0.0,0.0,0.0,5
Shahrestani_2015,conf_ils_high_10M,polyphest_p90,ploidy_diff.FN,0.0,0.0,0.0,0.0,5
Shahrestani_2015,conf_ils_high_10M,polyphest_p90,ploidy_diff.FP,0.0,0.0,0.0,0.0,5
Shahrestani_2015,conf_ils_high_10M,polyphest_p90,ploidy_diff.TP,2.0,0.0,2.0,2.0,5
Shahrestani_2015,conf_ils_high_10M,polyphest_p90,ploidy_diff.dist,0.0,0.0,0.0,0.0,5
Shahrestani_2015,conf_ils_high_10M,polyphest_p90,ret_leaf_jaccard.FN,0.0,0.0,0.0,0.0,5
Shahrestani_2015,conf_ils_high_10M,polyphest_p90,ret_leaf_jaccard.FP,0.0,0.0,0.0,0.0,5
Shahrestani_2015,conf_ils_high_10M,polyphest_p90,ret_leaf_jaccard.TP,1.0,0.0,1.0,1.0,5
Shahrestani_2015,conf_ils_high_10M,polyphest_p90,ret_leaf_jaccard.dist,0.0,0.0,0.0,0.0,5
Shahrestani_2015,conf_ils_high_10M,polyphest_p90,ret_sisters_jaccard.FN,0.0,0.0,0.0,0.0,5
Shahrestani_2015,conf_ils_high_10M,polyphest_p90,ret_sisters_jaccard.FP,0.1,0.13693063937629152,0.0,0.25,5
Shahrestani_2015,conf_ils_high_10M,polyphest_p90,ret_sisters_jaccard.TP,0.9,0.13693063937629152,0.75,1.0,5
Shahrestani_2015,conf_ils_high_10M,polyphest_p90,ret_sisters_jaccard.dist,0.1,0.13693063937629152,0.0,0.25,5
Soza_2014,conf_ils_high_10M,grampa,edit_distance,0.9640883977900552,0.010336070129209807,0.9475138121546961,0.9751381215469613,5
Soza_2014,conf_ils_high_10M,grampa,num_rets_diff,25.0,0.0,25.0,25.0,5
Soza_2014,conf_ils_high_10M,grampa,ploidy_diff.FN,41.0,0.0,41.0,41.0,5
Soza_2014,conf_ils_high_10M,grampa,ploidy_diff.FP,0.0,0.0,0.0,0.0,5
Soza_2014,conf_ils_high_10M,grampa,ploidy_diff.TP,0.0,0.0,0.0,0.0,5
Soza_2014,conf_ils_high_10M,grampa,ploidy_diff.dist,1.0,0.0,1.0,1.0,5
Soza_2014,conf_ils_high_10M,grampa,ret_leaf_jaccard.FN,1.0,0.0,1.0,1.0,5
Soza_2014,conf_ils_high_10M,grampa,ret_leaf_jaccard.FP,0.0,0.0,0.0,0.0,5
Soza_2014,conf_ils_high_10M,grampa,ret_leaf_jaccard.TP,0.0,0.0,0.0,0.0,5
Soza_2014,conf_ils_high_10M,grampa,ret_leaf_jaccard.dist,1.0,0.0,1.0,1.0,5
Soza_2014,conf_ils_high_10M,grampa,ret_sisters_jaccard.FN,1.0,0.0,1.0,1.0,5
Soza_2014,conf_ils_high_10M,grampa,ret_sisters_jaccard.FP,0.0,0.0,0.0,0.0,5
Soza_2014,conf_ils_high_10M,grampa,ret_sisters_jaccard.TP,0.0,0.0,0.0,0.0,5
Soza_2014,conf_ils_high_10M,grampa,ret_sisters_jaccard.dist,1.0,0.0,1.0,1.0,5
Wisecaver_2023,conf_ils_high_10M,grampa,edit_distance,0.767741935483871,0.15026857675938213,0.5806451612903226,0.9354838709677419,5
Wisecaver_2023,conf_ils_high_10M,grampa,num_rets_diff,0.0,0.0,0.0,0.0,5
Wisecaver_2023,conf_ils_high_10M,grampa,ploidy_diff.FN,0.4,0.5477225575051662,0.0,1.0,5
Wisecaver_2023,conf_ils_high_10M,grampa,ploidy_diff.FP,3.6,4.929503017546495,0.0,9.0,5
Wisecaver_2023,conf_ils_high_10M,grampa,ploidy_diff.TP,0.6,0.5477225575051662,0.0,1.0,5
Wisecaver_2023,conf_ils_high_10M,grampa,ploidy_diff.dist,0.4,0.5477225575051662,0.0,1.0,5
Wisecaver_2023,conf_ils_high_10M,grampa,ret_leaf_jaccard.FN,0.4,0.5477225575051662,0.0,1.0,5
Wisecaver_2023,conf_ils_high_10M,grampa,ret_leaf_jaccard.FP,0.4,0.5477225575051662,0.0,1.0,5
Wisecaver_2023,conf_ils_high_10M,grampa,ret_leaf_jaccard.TP,0.6,0.5477225575051662,0.0,1.0,5
Wisecaver_2023,conf_ils_high_10M,grampa,ret_leaf_jaccard.dist,0.4,0.5477225575051662,0.0,1.0,5
Wisecaver_2023,conf_ils_high_10M,grampa,ret_sisters_jaccard.FN,0.0,0.0,0.0,0.0,5
Wisecaver_2023,conf_ils_high_10M,grampa,ret_sisters_jaccard.FP,0.47000000000000003,0.3012474066278414,0.25,0.8,5
Wisecaver_2023,conf_ils_high_10M,grampa,ret_sisters_jaccard.TP,0.53,0.3012474066278414,0.19999999999999996,0.75,5
Wisecaver_2023,conf_ils_high_10M,grampa,ret_sisters_jaccard.dist,0.47000000000000003,0.3012474066278414,0.25,0.8,5
Wisecaver_2023,conf_ils_high_10M,polyphest_p50,edit_distance,0.7354838709677419,0.08349792971319216,0.6451612903225806,0.8064516129032258,5
Wisecaver_2023,conf_ils_high_10M,polyphest_p50,num_rets_diff,0.0,0.0,0.0,0.0,5
Wisecaver_2023,conf_ils_high_10M,polyphest_p50,ploidy_diff.FN,0.0,0.0,0.0,0.0,5
Wisecaver_2023,conf_ils_high_10M,polyphest_p50,ploidy_diff.FP,0.0,0.0,0.0,0.0,5
Wisecaver_2023,conf_ils_high_10M,polyphest_p50,ploidy_diff.TP,1.0,0.0,1.0,1.0,5
Wisecaver_2023,conf_ils_high_10M,polyphest_p50,ploidy_diff.dist,0.0,0.0,0.0,0.0,5
Wisecaver_2023,conf_ils_high_10M,polyphest_p50,ret_leaf_jaccard.FN,0.0,0.0,0.0,0.0,5
Wisecaver_2023,conf_ils_high_10M,polyphest_p50,ret_leaf_jaccard.FP,0.0,0.0,0.0,0.0,5
Wisecaver_2023,conf_ils_high_10M,polyphest_p50,ret_leaf_jaccard.TP,1.0,0.0,1.0,1.0,5
Wisecaver_2023,conf_ils_high_10M,polyphest_p50,ret_leaf_jaccard.dist,0.0,0.0,0.0,0.0,5
Wisecaver_2023,conf_ils_high_10M,polyphest_p50,ret_sisters_jaccard.FN,0.0,0.0,0.0,0.0,5
Wisecaver_2023,conf_ils_high_10M,polyphest_p50,ret_sisters_jaccard.FP,0.0,0.0,0.0,0.0,5
Wisecaver_2023,conf_ils_high_10M,polyphest_p50,ret_sisters_jaccard.TP,1.0,0.0,1.0,1.0,5
Wisecaver_2023,conf_ils_high_10M,polyphest_p50,ret_sisters_jaccard.dist,0.0,0.0,0.0,0.0,5
Wisecaver_2023,conf_ils_high_10M,polyphest_p70,edit_distance,0.7354838709677419,0.08349792971319216,0.6451612903225806,0.8064516129032258,5
Wisecaver_2023,conf_ils_high_10M,polyphest_p70,num_rets_diff,0.0,0.0,0.0,0.0,5
Wisecaver_2023,conf_ils_high_10M,polyphest_p70,ploidy_diff.FN,0.0,0.0,0.0,0.0,5
Wisecaver_2023,conf_ils_high_10M,polyphest_p70,ploidy_diff.FP,0.0,0.0,0.0,0.0,5
Wisecaver_2023,conf_ils_high_10M,polyphest_p70,ploidy_diff.TP,1.0,0.0,1.0,1.0,5
Wisecaver_2023,conf_ils_high_10M,polyphest_p70,ploidy_diff.dist,0.0,0.0,0.0,0.0,5
Wisecaver_2023,conf_ils_high_10M,polyphest_p70,ret_leaf_jaccard.FN,0.0,0.0,0.0,0.0,5
Wisecaver_2023,conf_ils_high_10M,polyphest_p70,ret_leaf_jaccard.FP,0.0,0.0,0.0,0.0,5
Wisecaver_2023,conf_ils_high_10M,polyphest_p70,ret_leaf_jaccard.TP,1.0,0.0,1.0,1.0,5
Wisecaver_2023,conf_ils_high_10M,polyphest_p70,ret_leaf_jaccard.dist,0.0,0.0,0.0,0.0,5
Wisecaver_2023,conf_ils_high_10M,polyphest_p70,ret_sisters_jaccard.FN,0.0,0.0,0.0,0.0,5
Wisecaver_2023,conf_ils_high_10M,polyphest_p70,ret_sisters_jaccard.FP,0.0,0.0,0.0,0.0,5
Wisecaver_2023,conf_ils_high_10M,polyphest_p70,ret_sisters_jaccard.TP,1.0,0.0,1.0,1.0,5
Wisecaver_2023,conf_ils_high_10M,polyphest_p70,ret_sisters_jaccard.dist,0.0,0.0,0.0,0.0,5
Wisecaver_2023,conf_ils_high_10M,polyphest_p90,edit_distance,0.7354838709677419,0.08349792971319216,0.6451612903225806,0.8064516129032258,5
Wisecaver_2023,conf_ils_high_10M,polyphest_p90,num_rets_diff,0.0,0.0,0.0,0.0,5
Wisecaver_2023,conf_ils_high_10M,polyphest_p90,ploidy_diff.FN,0.0,0.0,0.0,0.0,5
Wisecaver_2023,conf_ils_high_10M,polyphest_p90,ploidy_diff.FP,0.0,0.0,0.0,0.0,5
Wisecaver_2023,conf_ils_high_10M,polyphest_p90,ploidy_diff.TP,1.0,0.0,1.0,1.0,5
Wisecaver_2023,conf_ils_high_10M,polyphest_p90,ploidy_diff.dist,0.0,0.0,0.0,0.0,5
Wisecaver_2023,conf_ils_high_10M,polyphest_p90,ret_leaf_jaccard.FN,0.0,0.0,0.0,0.0,5
Wisecaver_2023,conf_ils_high_10M,polyphest_p90,ret_leaf_jaccard.FP,0.0,0.0,0.0,0.0,5
Wisecaver_2023,conf_ils_high_10M,polyphest_p90,ret_leaf_jaccard.TP,1.0,0.0,1.0,1.0,5
Wisecaver_2023,conf_ils_high_10M,polyphest_p90,ret_leaf_jaccard.dist,0.0,0.0,0.0,0.0,5
Wisecaver_2023,conf_ils_high_10M,polyphest_p90,ret_sisters_jaccard.FN,0.0,0.0,0.0,0.0,5
Wisecaver_2023,conf_ils_high_10M,polyphest_p90,ret_sisters_jaccard.FP,0.0,0.0,0.0,0.0,5
Wisecaver_2023,conf_ils_high_10M,polyphest_p90,ret_sisters_jaccard.TP,1.0,0.0,1.0,1.0,5
Wisecaver_2023,conf_ils_high_10M,polyphest_p90,ret_sisters_jaccard.dist,0.0,0.0,0.0,0.0,5
Wu_2015,conf_ils_high_10M,grampa,edit_distance,0.9302752293577982,0.035294282681965765,0.8899082568807339,0.981651376146789,5
Wu_2015,conf_ils_high_10M,grampa,num_rets_diff,7.0,0.0,7.0,7.0,5
Wu_2015,conf_ils_high_10M,grampa,ploidy_diff.FN,4.8,3.1144823004794873,1.0,8.0,5
Wu_2015,conf_ils_high_10M,grampa,ploidy_diff.FP,3.4,3.286335345030997,0.0,7.0,5
Wu_2015,conf_ils_high_10M,grampa,ploidy_diff.TP,4.2,3.1144823004794873,1.0,8.0,5
Wu_2015,conf_ils_high_10M,grampa,ploidy_diff.dist,0.696965811965812,0.18610561582356794,0.4666666666666667,0.8888888888888888,5
Wu_2015,conf_ils_high_10M,grampa,ret_leaf_jaccard.FN,0.875,0.0,0.875,0.875,5
Wu_2015,conf_ils_high_10M,grampa,ret_leaf_jaccard.FP,0.0648046398046398,0.05919078121960724,0.0,0.1111111111111111,5
Wu_2015,conf_ils_high_10M,grampa,ret_leaf_jaccard.TP,0.06019536019536018,0.059190781219607254,0.01388888888888884,0.125,5
Wu_2015,conf_ils_high_10M,grampa,ret_leaf_jaccard.dist,0.9398046398046398,0.05919078121960727,0.875,0.9861111111111112,5
Wu_2015,conf_ils_high_10M,grampa,ret_sisters_jaccard.FN,0.90625,0.03125,0.875,0.9375,5
Wu_2015,conf_ils_high_10M,grampa,ret_sisters_jaccard.FP,0.05694444444444444,0.05833953340066586,0.0,0.12152777777777778,5
Wu_2015,conf_ils_high_10M,grampa,ret_sisters_jaccard.TP,0.06180555555555554,0.05935367550789335,0.00347222222222221,0.125,5
Wu_2015,conf_ils_high_10M,grampa,ret_sisters_jaccard.dist,0.9381944444444444,0.05935367550789334,0.875,0.9965277777777778,5
Wu_2015,conf_ils_high_10M,mpsugar,edit_distance,1.1963302752293576,0.0294436817172132,1.1559633027522935,1.238532110091743,5
Wu_2015,conf_ils_high_10M,mpsugar,num_rets_diff,7.6,0.547722557505166,7.0,8.0,5
Wu_2015,conf_ils_high_10M,mpsugar,ploidy_diff.FN,6.6,3.361547262794322,2.0,9.0,5
Wu_2015,conf_ils_high_10M,mpsugar,ploidy_diff.FP,3.0,0.7071067811865476,2.0,4.0,5
Wu_2015,conf_ils_high_10M,mpsugar,ploidy_diff.TP,-0.6,3.9115214431215892,-4.0,5.0,5
Wu_2015,conf_ils_high_10M,mpsugar,ploidy_diff.dist,1.0666666666666667,0.4346134936801766,0.4444444444444444,1.4444444444444444,5
Wu_2015,conf_ils_high_10M,mpsugar,ret_leaf_jaccard.FN,0.95,0.06846531968814575,0.875,1.0,5
Wu_2015,conf_ils_high_10M,mpsugar,ret_leaf_jaccard.FP,0.03785714285714285,0.05197625046350399,0.0,0.1,5
Wu_2015,conf_ils_high_10M,mpsugar,ret_leaf_jaccard.TP,0.012142857142857144,0.017053337694733314,0.0,0.0357142857142857,5
Wu_2015,conf_ils_high_10M,mpsugar,ret_leaf_jaccard.dist,0.9878571428571428,0.01705333769473332,0.9642857142857143,1.0,5
Wu_2015,conf_ils_high_10M,mpsugar,ret_sisters_jaccard.FN,0.978125,0.030458732327528017,0.9375,1.0,5
Wu_2015,conf_ils_high_10M,mpsugar,ret_sisters_jaccard.FP,0.040625,0.05590169943749474,0.0,0.109375,5
Wu_2015,conf_ils_high_10M,mpsugar,ret_sisters_jaccard.TP,0.00848214285714286,0.012266635414316154,0.0,0.0267857142857143,5
Wu_2015,conf_ils_high_10M,mpsugar,ret_sisters_jaccard.dist,0.9915178571428571,0.012266635414316157,0.9732142857142857,1.0,5
Wu_2015,conf_ils_high_10M,polyphest_p50,edit_distance,0.7926605504587156,0.03760348904939302,0.7339449541284404,0.8256880733944955,5
Wu_2015,conf_ils_high_10M,polyphest_p50,num_rets_diff,0.0,0.0,0.0,0.0,5
Wu_2015,conf_ils_high_10M,polyphest_p50,ploidy_diff.FN,0.0,0.0,0.0,0.0,5
Wu_2015,conf_ils_high_10M,polyphest_p50,ploidy_diff.FP,0.0,0.0,0.0,0.0,5
Wu_2015,conf_ils_high_10M,polyphest_p50,ploidy_diff.TP,9.0,0.0,9.0,9.0,5
Wu_2015,conf_ils_high_10M,polyphest_p50,ploidy_diff.dist,0.0,0.0,0.0,0.0,5
Wu_2015,conf_ils_high_10M,polyphest_p50,ret_leaf_jaccard.FN,0.0,0.0,0.0,0.0,5
Wu_2015,conf_ils_high_10M,polyphest_p50,ret_leaf_jaccard.FP,0.0,0.0,0.0,0.0,5
Wu_2015,conf_ils_high_10M,polyphest_p50,ret_leaf_jaccard.TP,1.0,0.0,1.0,1.0,5
Wu_2015,conf_ils_high_10M,polyphest_p50,ret_leaf_jaccard.dist,0.0,0.0,0.0,0.0,5
Wu_2015,conf_ils_high_10M,polyphest_p50,ret_sisters_jaccard.FN,0.08958333333333332,0.12268693220279547,0.0,0.22708333333333333,5
Wu_2015,conf_ils_high_10M,polyphest_p50,ret_sisters_jaccard.FP,0.07362012987012986,0.10270728128986018,0.0,0.21185064935064934,5
Wu_2015,conf_ils_high_10M,polyphest_p50,ret_sisters_jaccard.TP,0.89875,0.1390818104570113,0.73125,1.0,5
Wu_2015,conf_ils_high_10M,polyphest_p50,ret_sisters_jaccard.dist,0.10124999999999999,0.13908181045701123,0.0,0.26875,5
Wu_2015,conf_ils_high_10M,polyphest_p70,edit_distance,0.8146788990825689,0.016411508091741574,0.7889908256880734,0.8256880733944955,5
Wu_2015,conf_ils_high_10M,polyphest_p70,num_rets_diff,0.0,0.0,0.0,0.0,5
Wu_2015,conf_ils_high_10M,polyphest_p70,ploidy_diff.FN,0.0,0.0,0.0,0.0,5
Wu_2015,conf_ils_high_10M,polyphest_p70,ploidy_diff.FP,0.0,0.0,0.0,0.0,5
Wu_2015,conf_ils_high_10M,polyphest_p70,ploidy_diff.TP,9.0,0.0,9.0,9.0,5
Wu_2015,conf_ils_high_10M,polyphest_p70,ploidy_diff.dist,0.0,0.0,0.0,0.0,5
Wu_2015,conf_ils_high_10M,polyphest_p70,ret_leaf_jaccard.FN,0.0,0.0,0.0,0.0,5
Wu_2015,conf_ils_high_10M,polyphest_p70,ret_leaf_jaccard.FP,0.0,0.0,0.0,0.0,5
Wu_2015,conf_ils_high_10M,polyphest_p70,ret_leaf_jaccard.TP,1.0,0.0,1.0,1.0,5
Wu_2015,conf_ils_high_10M,polyphest_p70,ret_leaf_jaccard.dist,0.0,0.0,0.0,0.0,5
Wu_2015,conf_ils_high_10M,polyphest_p70,ret_sisters_jaccard.FN,0.09083333333333335,0.12508330557405867,0.0,0.24583333333333335,5
Wu_2015,conf_ils_high_10M,polyphest_p70,ret_sisters_jaccard.FP,0.07797619047619046,0.10719244884055673,0.0,0.20833333333333331,5
Wu_2015,conf_ils_high_10M,polyphest_p70,ret_sisters_jaccard.TP,0.9029166666666667,0.13303677958452775,0.75,1.0,5
Wu_2015,conf_ils_high_10M,polyphest_p70,ret_sisters_jaccard.dist,0.09708333333333333,0.13303677958452775,0.0,0.25,5
Wu_2015,conf_ils_high_10M,polyphest_p90,edit_distance,0.8183486238532109,0.016411508091741574,0.7889908256880734,0.8256880733944955,5
Wu_2015,conf_ils_high_10M,polyphest_p90,num_rets_diff,0.0,0.0,0.0,0.0,5
Wu_2015,conf_ils_high_10M,polyphest_p90,ploidy_diff.FN,0.0,0.0,0.0,0.0,5
Wu_2015,conf_ils_high_10M,polyphest_p90,ploidy_diff.FP,0.0,0.0,0.0,0.0,5
Wu_2015,conf_ils_high_10M,polyphest_p90,ploidy_diff.TP,9.0,0.0,9.0,9.0,5
Wu_2015,conf_ils_high_10M,polyphest_p90,ploidy_diff.dist,0.0,0.0,0.0,0.0,5
Wu_2015,conf_ils_high_10M,polyphest_p90,ret_leaf_jaccard.FN,0.0,0.0,0.0,0.0,5
Wu_2015,conf_ils_high_10M,polyphest_p90,ret_leaf_jaccard.FP,0.0,0.0,0.0,0.0,5
Wu_2015,conf_ils_high_10M,polyphest_p90,ret_leaf_jaccard.TP,1.0,0.0,1.0,1.0,5
Wu_2015,conf_ils_high_10M,polyphest_p90,ret_leaf_jaccard.dist,0.0,0.0,0.0,0.0,5
Wu_2015,conf_ils_high_10M,polyphest_p90,ret_sisters_jaccard.FN,0.11395833333333334,0.15657535570417488,0.0,0.303125,5
Wu_2015,conf_ils_high_10M,polyphest_p90,ret_sisters_jaccard.FP,0.0875,0.1200405024240661,0.0,0.22916666666666666,5
Wu_2015,conf_ils_high_10M,polyphest_p90,ret_sisters_jaccard.TP,0.8820833333333333,0.16235035845013981,0.68125,1.0,5
Wu_2015,conf_ils_high_10M,polyphest_p90,ret_sisters_jaccard.dist,0.11791666666666667,0.16235035845013984,0.0,0.31875,5
Zhao_2021,conf_ils_high_10M,grampa,edit_distance,0.503030303030303,0.22123287573871492,0.12121212121212122,0.696969696969697,5
Zhao_2021,conf_ils_high_10M,grampa,num_rets_diff,0.0,0.0,0.0,0.0,5
Zhao_2021,conf_ils_high_10M,grampa,ploidy_diff.FN,2.0,3.082207001484488,0.0,7.0,5
Zhao_2021,conf_ils_high_10M,grampa,ploidy_diff.FP,0.8,1.0954451150103324,0.0,2.0,5
Zhao_2021,conf_ils_high_10M,grampa,ploidy_diff.TP,12.0,3.082207001484488,7.0,14.0,5
Zhao_2021,conf_ils_high_10M,grampa,ploidy_diff.dist,0.175,0.2554102092712819,0.0,0.5625,5
Zhao_2021,conf_ils_high_10M,grampa,ret_leaf_jaccard.FN,0.14285714285714285,0.22015764296317775,0.0,0.5,5
Zhao_2021,conf_ils_high_10M,grampa,ret_leaf_jaccard.FP,0.07521367521367521,0.10578973296933881,0.0,0.2222222222222222,5
Zhao_2021,conf_ils_high_10M,grampa,ret_leaf_jaccard.TP,0.825,0.2554102092712819,0.4375,1.0,5
Zhao_2021,conf_ils_high_10M,grampa,ret_leaf_jaccard.dist,0.175,0.2554102092712819,0.0,0.5625,5
Zhao_2021,conf_ils_high_10M,grampa,ret_sisters_jaccard.FN,0.3,0.27386127875258304,0.0,0.5,5
Zhao_2021,conf_ils_high_10M,grampa,ret_sisters_jaccard.FP,0.3125,0.28555729503901667,0.0,0.53125,5
Zhao_2021,conf_ils_high_10M,grampa,ret_sisters_jaccard.TP,0.6875,0.28555729503901667,0.46875,1.0,5
Zhao_2021,conf_ils_high_10M,grampa,ret_sisters_jaccard.dist,0.3125,0.28555729503901667,0.0,0.53125,5
Zhao_2021,conf_ils_high_10M,polyphest_p50,edit_distance,0.9847328244274808,0.0,0.9847328244274809,0.9847328244274809,3
Zhao_2021,conf_ils_high_10M,polyphest_p50,num_rets_diff,13.0,0.0,13.0,13.0,3
Zhao_2021,conf_ils_high_10M,polyphest_p50,ploidy_diff.FN,0.0,0.0,0.0,0.0,3
Zhao_2021,conf_ils_high_10M,polyphest_p50,ploidy_diff.FP,0.0,0.0,0.0,0.0,3
Zhao_2021,conf_ils_high_10M,polyphest_p50,ploidy_diff.TP,14.0,0.0,14.0,14.0,3
Zhao_2021,conf_ils_high_10M,polyphest_p50,ploidy_diff.dist,0.0,0.0,0.0,0.0,3
Zhao_2021,conf_ils_high_10M,polyphest_p50,ret_leaf_jaccard.FN,0.0663265306122449,0.0,0.0663265306122449,0.0663265306122449,3
Zhao_2021,conf_ils_high_10M,polyphest_p50,ret_leaf_jaccard.FP,0.9285714285714285,0.0,0.9285714285714286,0.9285714285714286,3
Zhao_2021,conf_ils_high_10M,polyphest_p50,ret_leaf_jaccard.TP,0.005102040816326481,0.0,0.005102040816326481,0.005102040816326481,3
Zhao_2021,conf_ils_high_10M,polyphest_p50,ret_leaf_jaccard.dist,0.9948979591836734,0.0,0.9948979591836735,0.9948979591836735,3
Zhao_2021,conf_ils_high_10M,polyphest_p50,ret_sisters_jaccard.FN,0.06666666666666667,0.0,0.06666666666666667,0.06666666666666667,3
Zhao_2021,conf_ils_high_10M,polyphest_p50,ret_sisters_jaccard.FP,0.9642857142857143,0.0,0.9642857142857143,0.9642857142857143,3
Zhao_2021,conf_ils_high_10M,polyphest_p50,ret_sisters_jaccard.TP,0.004761904761904745,0.0,0.004761904761904745,0.004761904761904745,3
Zhao_2021,conf_ils_high_10M,polyphest_p50,ret_sisters_jaccard.dist,0.9952380952380953,0.0,0.9952380952380953,0.9952380952380953,3
Zhao_2021,conf_ils_high_10M,polyphest_p70,edit_distance,0.9732824427480916,0.019210774644454816,0.9541984732824428,1.0,4
Zhao_2021,conf_ils_high_10M,polyphest_p70,num_rets_diff,13.0,0.0,13.0,13.0,4
Zhao_2021,conf_ils_high_10M,polyphest_p70,ploidy_diff.FN,0.0,0.0,0.0,0.0,4
Zhao_2021,conf_ils_high_10M,polyphest_p70,ploidy_diff.FP,0.0,0.0,0.0,0.0,4
Zhao_2021,conf_ils_high_10M,polyphest_p70,ploidy_diff.TP,14.0,0.0,14.0,14.0,4
Zhao_2021,conf_ils_high_10M,polyphest_p70,ploidy_diff.dist,0.0,0.0,0.0,0.0,4
Zhao_2021,conf_ils_high_10M,polyphest_p70,ret_leaf_jaccard.FN,0.0663265306122449,0.0,0.0663265306122449,0.0663265306122449,4
Zhao_2021,conf_ils_high_10M,polyphest_p70,ret_leaf_jaccard.FP,0.9285714285714286,0.0,0.9285714285714286,0.9285714285714286,4
Zhao_2021,conf_ils_high_10M,polyphest_p70,ret_leaf_jaccard.TP,0.005102040816326481,0.0,0.005102040816326481,0.005102040816326481,4
Zhao_2021,conf_ils_high_10M,polyphest_p70,ret_leaf_jaccard.dist,0.9948979591836735,0.0,0.9948979591836735,0.9948979591836735,4
Zhao_2021,conf_ils_high_10M,polyphest_p70,ret_sisters_jaccard.FN,0.06428571428571428,0.004761904761904761,0.05714285714285715,0.06666666666666667,4
Zhao_2021,conf_ils_high_10M,polyphest_p70,ret_sisters_jaccard.FP,0.9642857142857143,0.0,0.9642857142857143,0.9642857142857143,4
Zhao_2021,conf_ils_high_10M,polyphest_p70,ret_sisters_jaccard.TP,0.0071428571428571175,0.004761904761904745,0.004761904761904745,0.014285714285714235,4
Zhao_2021,conf_ils_high_10M,polyphest_p70,ret_sisters_jaccard.dist,0.9928571428571429,0.004761904761904745,0.9857142857142858,0.9952380952380953,4
Zhao_2021,conf_ils_high_10M,polyphest_p90,edit_distance,0.9664122137404579,0.012773435519604167,0.9541984732824428,0.9847328244274809,5
Zhao_2021,conf_ils_high_10M,polyphest_p90,num_rets_diff,13.0,0.0,13.0,13.0,5
Zhao_2021,conf_ils_high_10M,polyphest_p90,ploidy_diff.FN,0.0,0.0,0.0,0.0,5
Zhao_2021,conf_ils_high_10M,polyphest_p90,ploidy_diff.FP,0.0,0.0,0.0,0.0,5
Zhao_2021,conf_ils_high_10M,polyphest_p90,ploidy_diff.TP,14.0,0.0,14.0,14.0,5
Zhao_2021,conf_ils_high_10M,polyphest_p90,ploidy_diff.dist,0.0,0.0,0.0,0.0,5
Zhao_2021,conf_ils_high_10M,polyphest_p90,ret_leaf_jaccard.FN,0.0663265306122449,0.0,0.0663265306122449,0.0663265306122449,5
Zhao_2021,conf_ils_high_10M,polyphest_p90,ret_leaf_jaccard.FP,0.9285714285714286,0.0,0.9285714285714286,0.9285714285714286,5
Zhao_2021,conf_ils_high_10M,polyphest_p90,ret_leaf_jaccard.TP,0.005102040816326481,0.0,0.005102040816326481,0.005102040816326481,5
Zhao_2021,conf_ils_high_10M,polyphest_p90,ret_leaf_jaccard.dist,0.9948979591836735,0.0,0.9948979591836735,0.9948979591836735,5
Zhao_2021,conf_ils_high_10M,polyphest_p90,ret_sisters_jaccard.FN,0.060476190476190475,0.013842325574998699,0.03571428571428571,0.06666666666666667,5
Zhao_2021,conf_ils_high_10M,polyphest_p90,ret_sisters_jaccard.FP,0.9642857142857142,0.0,0.9642857142857143,0.9642857142857143,5
Zhao_2021,conf_ils_high_10M,polyphest_p90,ret_sisters_jaccard.TP,0.010952380952380936,0.013842325574998699,0.004761904761904745,0.0357142857142857,5
Zhao_2021,conf_ils_high_10M,polyphest_p90,ret_sisters_jaccard.dist,0.9890476190476191,0.013842325574998666,0.9642857142857143,0.9952380952380953,5
